timezone,temp,humidity,description
2025-02-19 05:47:34,0.76,29,clear sky
2025-02-19 05:50:59,0.76,29,clear sky
2025-02-19 05:58:35,0.76,29,clear sky
2025-02-19 06:00:13,0.76,29,clear sky
2025-02-19 06:32:45,1.76,25,clear sky
2025-02-19 06:46:52,1.76,25,clear sky
2025-02-19 06:55:56,1.76,25,clear sky
2025-02-19 07:15:21,-0.42,18,clear sky
2025-02-19 07:28:18,0.76,25,clear sky
2025-02-19 07:38:20,0.76,25,clear sky
2025-02-19 07:47:09,0.76,25,clear sky
2025-02-19 07:56:09,0.76,25,clear sky
2025-02-19 08:21:44,-0.74,19,clear sky
2025-02-19 08:39:41,0.76,29,clear sky
2025-02-19 08:50:41,0.76,29,clear sky
2025-02-19 08:59:29,0.76,29,clear sky
2025-02-19 09:24:34,-0.22,25,clear sky
2025-02-19 09:36:37,-1.24,29,clear sky
2025-02-19 09:45:58,-1.24,29,clear sky
2025-02-19 09:54:58,-1.24,29,clear sky
2025-02-19 10:15:08,-2.1,25,clear sky
2025-02-19 10:35:26,-3.24,39,clear sky
2025-02-19 10:45:08,-3.24,39,clear sky
2025-02-19 10:54:27,-3.24,39,clear sky
2025-02-19 11:10:54,-3.24,39,clear sky
2025-02-19 11:24:11,-3.24,43,clear sky
2025-02-19 11:35:00,-3.24,43,clear sky
2025-02-19 11:44:18,-3.24,43,clear sky
2025-02-19 11:53:39,-3.24,43,clear sky
2025-02-19 12:20:24,-3.15,33,clear sky
2025-02-19 12:53:38,-4.24,50,clear sky
2025-02-19 13:18:38,-3.39,36,clear sky
2025-02-19 13:34:58,-5.24,50,clear sky
2025-02-19 13:43:53,-5.24,50,clear sky
2025-02-19 13:53:17,-5.24,50,clear sky
2025-02-19 14:10:43,-5.24,50,clear sky
2025-02-19 14:31:05,-5.24,54,clear sky
2025-02-19 14:43:14,-5.24,54,clear sky
2025-02-19 14:52:35,-5.24,54,clear sky
2025-02-19 15:10:02,-5.24,54,clear sky
2025-02-19 15:29:58,-6.24,58,clear sky
2025-02-19 15:41:31,-6.24,58,clear sky
2025-02-19 15:50:53,-6.24,58,clear sky
2025-02-19 15:59:56,-6.24,58,clear sky
2025-02-19 16:28:53,-3.29,37,clear sky
2025-02-19 16:45:23,-6.24,58,clear sky
2025-02-19 16:54:35,-6.24,58,clear sky
2025-02-19 17:12:18,-3.46,37,clear sky
2025-02-19 17:29:54,-8.24,62,clear sky
2025-02-19 17:40:46,-8.24,62,clear sky
2025-02-19 17:50:04,-8.24,62,clear sky
2025-02-19 17:59:13,-8.24,62,clear sky
2025-02-19 18:30:24,-8.24,67,clear sky
2025-02-19 18:45:51,-8.24,67,clear sky
2025-02-19 18:54:56,-8.24,67,clear sky
2025-02-19 19:11:07,-3.86,41,clear sky
2025-02-19 19:21:29,-9.24,73,clear sky
2025-02-19 19:30:47,-9.24,73,clear sky
2025-02-19 19:39:53,-9.24,73,clear sky
2025-02-19 19:48:42,-9.24,73,clear sky
2025-02-19 19:57:43,-9.24,73,clear sky
2025-02-19 20:21:48,-4.05,42,clear sky
2025-02-19 20:34:30,-10.24,85,clear sky
2025-02-19 20:43:51,-10.24,85,clear sky
2025-02-19 20:53:02,-10.24,85,clear sky
2025-02-19 21:09:33,-10.24,85,clear sky
2025-02-19 21:25:06,-10.24,85,clear sky
2025-02-19 21:35:23,-10.24,85,clear sky
2025-02-19 21:44:26,-10.24,85,clear sky
2025-02-19 21:53:22,-10.24,85,clear sky
2025-02-19 22:10:20,-10.24,85,clear sky
2025-02-19 22:28:29,-8.24,73,clear sky
2025-02-19 22:39:23,-8.24,73,clear sky
2025-02-19 22:48:32,-8.24,73,clear sky
2025-02-19 22:57:24,-8.24,73,clear sky
2025-02-19 23:17:50,-8.24,73,clear sky
2025-02-19 23:29:21,-7.24,73,clear sky
2025-02-19 23:39:27,-7.24,73,clear sky
2025-02-19 23:48:46,-7.24,73,clear sky
2025-02-19 23:57:54,-7.24,73,clear sky
2025-02-20 01:37:54,-1.24,40,clear sky
2025-02-20 02:40:04,-0.24,32,clear sky
2025-02-20 03:03:13,-0.24,32,clear sky
2025-02-20 03:29:25,0.76,29,clear sky
2025-02-20 03:43:45,0.76,29,clear sky
2025-02-20 03:53:01,0.76,29,clear sky
2025-02-20 04:12:32,-0.67,25,clear sky
2025-02-20 04:32:34,0.76,29,clear sky
2025-02-20 04:43:58,0.76,29,clear sky
2025-02-20 04:53:05,0.76,29,clear sky
2025-02-20 05:10:46,-0.11,23,clear sky
2025-02-20 05:30:20,1.76,27,clear sky
2025-02-20 05:41:21,1.76,27,clear sky
2025-02-20 05:50:36,1.76,27,clear sky
2025-02-20 05:59:39,1.76,27,clear sky
2025-02-20 06:32:24,1.76,27,clear sky
2025-02-20 06:46:35,1.76,27,clear sky
2025-02-20 06:55:47,1.76,27,clear sky
2025-02-20 07:14:54,0.18,20,clear sky
2025-02-20 07:27:34,1.76,27,clear sky
2025-02-20 07:37:20,1.76,27,clear sky
2025-02-20 07:46:45,1.76,27,clear sky
2025-02-20 07:55:42,1.76,27,clear sky
2025-02-20 08:20:17,0.76,23,clear sky
2025-02-20 08:39:07,0.76,23,clear sky
2025-02-20 08:49:54,0.76,23,clear sky
2025-02-20 08:58:57,0.76,23,clear sky
2025-02-20 09:23:52,-1.37,26,clear sky
2025-02-20 09:36:03,-1.24,29,clear sky
2025-02-20 09:45:15,-1.24,29,clear sky
2025-02-20 09:54:25,-1.24,29,clear sky
2025-02-20 10:13:56,-1.24,29,clear sky
2025-02-20 10:34:46,-2.24,34,clear sky
2025-02-20 10:45:07,-2.24,34,clear sky
2025-02-20 10:53:58,-2.24,34,clear sky
2025-02-20 11:10:29,-2.78,34,clear sky
2025-02-20 11:24:04,-3.24,36,clear sky
2025-02-20 11:34:34,-3.24,36,clear sky
2025-02-20 11:43:50,-3.24,36,clear sky
2025-02-20 11:52:46,-3.24,36,clear sky
2025-02-20 12:18:35,-3.24,36,clear sky
2025-02-20 12:54:49,-4.24,39,clear sky
2025-02-20 13:21:21,-3.57,38,clear sky
2025-02-20 13:37:05,-5.24,50,clear sky
2025-02-20 13:46:21,-5.24,50,clear sky
2025-02-20 13:55:32,-5.24,50,clear sky
2025-02-20 14:14:58,-3.64,38,clear sky
2025-02-20 14:33:31,-5.24,54,clear sky
2025-02-20 14:44:06,-5.24,54,clear sky
2025-02-20 14:53:20,-5.24,54,clear sky
2025-02-20 15:11:55,-5.24,54,clear sky
2025-02-20 15:31:04,-6.24,58,clear sky
2025-02-20 15:42:54,-6.24,58,clear sky
2025-02-20 15:51:47,-6.24,58,clear sky
2025-02-20 16:09:52,-6.24,58,clear sky
2025-02-20 16:35:47,-7.24,63,clear sky
2025-02-20 16:49:50,-7.24,63,clear sky
2025-02-20 16:59:03,-7.24,63,clear sky
2025-02-20 17:18:38,-3.79,41,clear sky
2025-02-20 17:31:09,-6.24,63,clear sky
2025-02-20 17:41:13,-6.24,63,clear sky
2025-02-20 17:50:13,-6.24,63,clear sky
2025-02-20 17:59:06,-6.24,63,clear sky
2025-02-20 18:31:07,-7.24,63,clear sky
2025-02-20 18:46:14,-7.24,63,clear sky
2025-02-20 18:55:16,-7.24,63,clear sky
2025-02-20 19:11:40,-7.24,63,clear sky
2025-02-20 19:23:42,-9.24,62,clear sky
2025-02-20 19:33:59,-9.24,62,clear sky
2025-02-20 19:43:17,-9.24,62,clear sky
2025-02-20 19:52:16,-9.24,62,clear sky
2025-02-20 20:09:49,-9.24,62,clear sky
2025-02-20 21:20:18,-10.24,79,clear sky
2025-02-20 21:30:11,-10.24,79,clear sky
2025-02-20 21:39:13,-10.24,79,clear sky
2025-02-20 21:48:14,-10.24,79,clear sky
2025-02-20 21:57:20,-10.24,79,clear sky
2025-02-20 22:17:44,-4.45,46,clear sky
2025-02-20 22:33:32,-10.24,85,clear sky
2025-02-20 22:42:43,-10.24,85,clear sky
2025-02-20 22:51:45,-10.24,85,clear sky
2025-02-20 23:08:23,-10.24,85,clear sky
2025-02-20 23:26:13,-4.48,47,clear sky
2025-02-20 23:36:14,-7.24,73,clear sky
2025-02-20 23:45:27,-7.24,73,clear sky
2025-02-20 23:54:42,-7.24,73,clear sky
2025-02-21 01:04:44,-3.24,59,clear sky
2025-02-21 02:22:05,-2.29,32,clear sky
2025-02-21 03:00:03,-0.24,32,clear sky
2025-02-21 03:28:21,0.76,32,clear sky
2025-02-21 03:42:25,0.76,32,clear sky
2025-02-21 03:51:35,0.76,32,clear sky
2025-02-21 04:09:40,0.76,32,clear sky
2025-02-21 04:33:42,0.76,32,clear sky
2025-02-21 04:46:52,0.76,32,clear sky
2025-02-21 04:55:51,0.76,32,clear sky
2025-02-21 05:15:22,-0.26,28,clear sky
2025-02-21 05:31:54,0.76,32,clear sky
2025-02-21 05:41:34,0.76,32,clear sky
2025-02-21 05:50:51,0.76,32,clear sky
2025-02-21 05:59:45,0.76,32,clear sky
2025-02-21 06:32:19,0.76,37,clear sky
2025-02-21 06:46:36,0.76,37,clear sky
2025-02-21 06:56:00,0.76,37,clear sky
2025-02-21 07:15:43,0.76,37,clear sky
2025-02-21 07:28:06,0.76,40,clear sky
2025-02-21 07:37:49,0.76,40,clear sky
2025-02-21 07:46:59,0.76,40,clear sky
2025-02-21 07:55:56,0.76,40,clear sky
2025-02-21 08:20:11,1.76,30,clear sky
2025-02-21 08:38:02,1.76,30,clear sky
2025-02-21 08:48:13,1.76,30,clear sky
2025-02-21 08:57:26,1.76,30,clear sky
2025-02-21 09:20:00,-0.76,26,clear sky
2025-02-21 09:32:06,-0.24,27,clear sky
2025-02-21 09:41:25,-0.24,27,clear sky
2025-02-21 09:50:36,-0.24,27,clear sky
2025-02-21 09:59:32,-0.24,27,clear sky
2025-02-21 10:25:00,-2.24,37,clear sky
2025-02-21 10:39:34,-2.24,37,clear sky
2025-02-21 10:48:46,-2.24,37,clear sky
2025-02-21 10:57:48,-2.24,37,clear sky
2025-02-21 11:17:05,-2.15,33,clear sky
2025-02-21 11:28:06,-2.24,40,clear sky
2025-02-21 11:37:59,-2.24,40,clear sky
2025-02-21 11:47:21,-2.24,40,clear sky
2025-02-21 11:56:19,-2.24,40,clear sky
2025-02-21 12:33:13,-3.24,46,clear sky
2025-02-21 13:01:01,-3.24,46,clear sky
2025-02-21 13:27:39,-4.24,50,clear sky
2025-02-21 13:38:28,-4.24,50,clear sky
2025-02-21 13:47:27,-4.24,50,clear sky
2025-02-21 13:56:38,-4.24,50,clear sky
2025-02-21 14:15:28,-2.6,40,clear sky
2025-02-21 14:31:51,-4.24,50,clear sky
2025-02-21 14:42:13,-4.24,50,clear sky
2025-02-21 14:51:26,-4.24,50,clear sky
2025-02-21 15:00:42,-4.24,50,clear sky
2025-02-21 15:24:50,-4.24,54,clear sky
2025-02-21 15:36:48,-4.24,54,clear sky
2025-02-21 15:45:44,-4.24,54,clear sky
2025-02-21 15:55:09,-4.24,54,clear sky
2025-02-21 16:17:47,-5.24,58,clear sky
2025-02-21 16:38:26,-5.24,58,clear sky
2025-02-21 16:47:49,-5.24,58,clear sky
2025-02-21 16:57:17,-5.24,58,clear sky
2025-02-21 17:16:09,-5.24,58,clear sky
2025-02-21 17:28:59,-5.24,63,clear sky
2025-02-21 17:38:43,-5.24,63,clear sky
2025-02-21 17:48:06,-5.24,63,clear sky
2025-02-21 17:56:59,-5.24,63,clear sky
2025-02-21 18:24:50,-6.24,73,clear sky
2025-02-21 18:42:26,-6.24,73,clear sky
2025-02-21 18:51:19,-6.24,73,clear sky
2025-02-21 19:00:18,-6.24,73,clear sky
2025-02-21 19:17:53,-4.18,39,clear sky
2025-02-21 19:27:03,-7.24,73,clear sky
2025-02-21 19:37:01,-7.24,73,clear sky
2025-02-21 19:46:10,-7.24,73,clear sky
2025-02-21 19:55:24,-7.24,73,clear sky
2025-02-21 20:15:48,-4.18,40,clear sky
2025-02-21 20:30:49,-8.24,86,clear sky
2025-02-21 20:41:35,-8.24,86,clear sky
2025-02-21 20:50:55,-8.24,86,clear sky
2025-02-21 20:59:50,-8.24,86,clear sky
2025-02-21 21:19:02,-4.37,41,clear sky
2025-02-21 21:28:30,-7.24,73,clear sky
2025-02-21 21:38:08,-7.24,73,clear sky
2025-02-21 21:47:33,-7.24,73,clear sky
2025-02-21 21:56:47,-7.24,73,clear sky
2025-02-21 22:16:17,-7.24,73,clear sky
2025-02-21 22:32:33,-7.24,79,clear sky
2025-02-21 22:41:42,-7.24,79,clear sky
2025-02-21 22:50:51,-7.24,79,clear sky
2025-02-21 23:00:00,-7.24,79,clear sky
2025-02-21 23:22:43,-6.24,73,clear sky
2025-02-21 23:32:33,-6.24,73,clear sky
2025-02-21 23:41:37,-6.24,73,clear sky
2025-02-21 23:50:44,-6.24,73,clear sky
2025-02-21 23:59:40,-6.24,73,clear sky
2025-02-22 01:46:30,-1.24,43,clear sky
2025-02-22 02:37:33,-0.24,34,clear sky
2025-02-22 03:00:14,-0.24,34,clear sky
2025-02-22 03:25:51,0.76,34,clear sky
2025-02-22 03:38:23,0.76,34,clear sky
2025-02-22 03:47:30,0.76,34,clear sky
2025-02-22 03:56:42,0.76,34,clear sky
2025-02-22 04:20:51,-0.83,25,clear sky
2025-02-22 04:38:47,1.76,32,clear sky
2025-02-22 04:47:41,1.76,32,clear sky
2025-02-22 04:56:56,1.76,32,clear sky
2025-02-22 05:16:30,-0.41,25,clear sky
2025-02-22 05:31:20,0.76,34,clear sky
2025-02-22 05:40:29,0.76,34,clear sky
2025-02-22 05:49:50,0.76,34,clear sky
2025-02-22 05:58:42,0.76,34,clear sky
2025-02-22 06:30:38,0.76,37,clear sky
2025-02-22 06:46:14,0.76,37,clear sky
2025-02-22 06:55:07,0.76,37,clear sky
2025-02-22 07:12:07,0.76,37,clear sky
2025-02-22 07:24:30,0.76,37,clear sky
2025-02-22 07:34:42,0.76,37,clear sky
2025-02-22 07:43:40,0.76,37,clear sky
2025-02-22 07:52:49,0.76,37,clear sky
2025-02-22 08:11:32,0.76,37,clear sky
2025-02-22 08:30:54,0.76,37,clear sky
2025-02-22 08:43:01,0.76,37,clear sky
2025-02-22 08:52:22,0.76,37,clear sky
2025-02-22 09:08:05,-0.49,28,clear sky
2025-02-22 09:25:52,-0.49,28,clear sky
2025-02-22 09:35:25,-1.24,47,clear sky
2025-02-22 09:44:12,-1.24,47,clear sky
2025-02-22 09:53:20,-1.24,47,clear sky
2025-02-22 10:10:37,-1.44,31,clear sky
2025-02-22 10:32:41,-1.24,51,clear sky
2025-02-22 10:43:22,-1.24,51,clear sky
2025-02-22 10:52:43,-1.24,51,clear sky
2025-02-22 11:07:06,-1.24,51,clear sky
2025-02-22 11:19:56,-2.26,34,clear sky
2025-02-22 11:29:11,-2.24,37,clear sky
2025-02-22 11:38:34,-2.24,37,clear sky
2025-02-22 11:47:59,-2.24,37,clear sky
2025-02-22 11:56:54,-2.24,37,clear sky
2025-02-22 12:31:42,-4.24,42,clear sky
2025-02-22 12:56:18,-4.24,42,clear sky
2025-02-22 13:17:42,-3.25,36,broken clouds
2025-02-22 13:29:34,-5.24,46,clear sky
2025-02-22 13:38:45,-5.24,46,clear sky
2025-02-22 13:48:01,-5.24,46,clear sky
2025-02-22 13:57:01,-5.24,46,clear sky
2025-02-22 14:15:20,-3.59,39,broken clouds
2025-02-22 14:30:04,-5.24,50,clear sky
2025-02-22 14:39:19,-5.24,50,clear sky
2025-02-22 14:48:27,-5.24,50,clear sky
2025-02-22 14:57:31,-5.24,50,clear sky
2025-02-22 15:17:28,-5.24,50,clear sky
2025-02-22 15:29:16,-6.24,53,clear sky
2025-02-22 15:38:34,-6.24,53,clear sky
2025-02-22 15:47:45,-6.24,53,clear sky
2025-02-22 15:56:55,-6.24,53,clear sky
2025-02-22 16:19:32,-6.24,53,clear sky
2025-02-22 16:36:02,-6.24,58,clear sky
2025-02-22 16:45:13,-6.24,58,clear sky
2025-02-22 16:54:20,-6.24,58,clear sky
2025-02-22 17:11:14,-6.24,58,clear sky
2025-02-22 17:28:42,-8.24,62,clear sky
2025-02-22 17:38:36,-8.24,62,clear sky
2025-02-22 17:47:58,-8.24,62,clear sky
2025-02-22 17:56:54,-8.24,62,clear sky
2025-02-22 18:22:29,-7.24,58,clear sky
2025-02-22 18:38:19,-7.24,58,clear sky
2025-02-22 18:47:24,-7.24,58,clear sky
2025-02-22 18:56:34,-7.24,58,clear sky
2025-02-22 19:12:57,-7.24,58,clear sky
2025-02-22 19:22:33,-4.19,39,clear sky
2025-02-22 19:32:04,-9.24,67,clear sky
2025-02-22 19:41:14,-9.24,67,clear sky
2025-02-22 19:50:22,-9.24,67,clear sky
2025-02-22 19:59:20,-9.24,67,clear sky
2025-02-22 20:22:22,-4.47,37,clear sky
2025-02-22 20:32:20,-8.24,67,clear sky
2025-02-22 20:41:27,-8.24,67,clear sky
2025-02-22 20:50:55,-8.24,67,clear sky
2025-02-22 21:00:14,-8.24,67,clear sky
2025-02-22 21:20:52,-4.75,35,clear sky
2025-02-22 21:29:56,-8.24,67,clear sky
2025-02-22 21:39:04,-8.24,67,clear sky
2025-02-22 21:48:15,-8.24,67,clear sky
2025-02-22 21:57:29,-8.24,67,clear sky
2025-02-22 22:16:48,-4.86,37,clear sky
2025-02-22 22:31:21,-7.24,63,clear sky
2025-02-22 22:40:23,-7.24,63,clear sky
2025-02-22 22:49:35,-7.24,63,clear sky
2025-02-22 22:58:45,-7.24,63,clear sky
2025-02-22 23:18:52,-4.93,37,clear sky
2025-02-22 23:28:15,-4.93,37,clear sky
2025-02-22 23:38:05,-5.24,58,clear sky
2025-02-22 23:47:19,-5.24,58,clear sky
2025-02-22 23:56:20,-5.24,58,clear sky
2025-02-23 01:22:48,-3.94,35,clear sky
2025-02-23 02:36:36,-1.24,37,clear sky
2025-02-23 03:06:11,-1.24,37,clear sky
2025-02-23 03:32:16,-2.24,34,few clouds
2025-02-23 03:44:06,-2.24,34,few clouds
2025-02-23 03:53:04,-2.24,34,few clouds
2025-02-23 04:12:16,-2.24,34,few clouds
2025-02-23 04:33:34,-0.24,32,few clouds
2025-02-23 04:45:41,-0.24,32,few clouds
2025-02-23 04:54:51,-0.24,32,few clouds
2025-02-23 05:12:28,-1.47,25,clear sky
2025-02-23 05:30:11,-0.24,27,clear sky
2025-02-23 05:40:11,-0.24,27,clear sky
2025-02-23 05:49:20,-0.24,27,clear sky
2025-02-23 05:58:14,-0.24,27,clear sky
2025-02-23 06:27:11,-0.24,29,clear sky
2025-02-23 06:42:15,-0.24,29,clear sky
2025-02-23 06:51:26,-0.24,29,clear sky
2025-02-23 07:00:51,-0.24,29,clear sky
2025-02-23 07:21:39,-1.38,24,clear sky
2025-02-23 07:30:39,-0.24,34,clear sky
2025-02-23 07:39:39,-0.24,34,clear sky
2025-02-23 07:48:47,-0.24,34,clear sky
2025-02-23 07:57:55,-0.24,34,clear sky
2025-02-23 08:24:43,-1.71,26,clear sky
2025-02-23 08:38:28,-0.24,29,clear sky
2025-02-23 08:47:39,-0.24,29,clear sky
2025-02-23 08:56:35,-0.24,29,clear sky
2025-02-23 09:16:28,-2.42,29,clear sky
2025-02-23 09:30:40,-2.24,34,clear sky
2025-02-23 09:41:15,-2.24,34,clear sky
2025-02-23 09:50:08,-2.24,34,clear sky
2025-02-23 09:59:05,-2.24,34,clear sky
2025-02-23 10:22:59,-3.24,36,clear sky
2025-02-23 10:37:05,-3.24,36,clear sky
2025-02-23 10:46:14,-3.24,36,clear sky
2025-02-23 10:55:24,-3.24,36,clear sky
2025-02-23 11:12:02,-3.24,36,clear sky
2025-02-23 11:23:46,-4.24,42,clear sky
2025-02-23 11:34:47,-4.24,42,clear sky
2025-02-23 11:43:45,-4.24,42,clear sky
2025-02-23 11:52:59,-4.24,42,clear sky
2025-02-23 12:17:03,-3.59,37,clear sky
2025-02-23 12:50:02,-5.24,50,clear sky
2025-02-23 13:10:25,-5.24,50,clear sky
2025-02-23 13:27:27,-5.24,50,clear sky
2025-02-23 13:37:23,-5.24,50,clear sky
2025-02-23 13:46:15,-5.24,50,clear sky
2025-02-23 13:55:35,-5.24,50,clear sky
2025-02-23 14:14:04,-5.24,50,clear sky
2025-02-23 14:29:56,-3.76,39,clear sky
2025-02-23 14:41:15,-6.24,53,clear sky
2025-02-23 14:50:16,-6.24,53,clear sky
2025-02-23 14:59:11,-6.24,53,clear sky
2025-02-23 15:20:56,-6.24,53,clear sky
2025-02-23 15:30:06,-6.24,53,clear sky
2025-02-23 15:40:02,-6.24,53,clear sky
2025-02-23 15:49:14,-6.24,53,clear sky
2025-02-23 15:58:22,-6.24,53,clear sky
2025-02-23 16:23:23,-6.24,58,clear sky
2025-02-23 16:37:52,-6.24,58,clear sky
2025-02-23 16:46:55,-6.24,58,clear sky
2025-02-23 16:56:05,-6.24,58,clear sky
2025-02-23 17:13:44,-3.7,39,clear sky
2025-02-23 17:28:01,-8.24,62,clear sky
2025-02-23 17:39:25,-8.24,62,clear sky
2025-02-23 17:48:25,-8.24,62,clear sky
2025-02-23 17:57:22,-8.24,62,clear sky
2025-02-23 18:23:31,-8.24,67,clear sky
2025-02-23 18:39:07,-8.24,67,clear sky
2025-02-23 18:48:01,-8.24,67,clear sky
2025-02-23 18:57:11,-8.24,67,clear sky
2025-02-23 19:13:37,-4,41,clear sky
2025-02-23 19:22:57,-10.24,79,clear sky
2025-02-23 19:32:29,-10.24,79,clear sky
2025-02-23 19:41:21,-10.24,79,clear sky
2025-02-23 19:50:23,-10.24,79,clear sky
2025-02-23 19:59:44,-10.24,79,clear sky
2025-02-23 20:23:17,-4.09,42,clear sky
2025-02-23 20:35:09,-10.24,73,clear sky
2025-02-23 20:44:11,-10.24,73,clear sky
2025-02-23 20:53:27,-10.24,73,clear sky
2025-02-23 21:09:18,-10.24,73,clear sky
2025-02-23 21:24:51,-9.24,73,clear sky
2025-02-23 21:34:37,-9.24,73,clear sky
2025-02-23 21:43:49,-9.24,73,clear sky
2025-02-23 21:52:55,-9.24,73,clear sky
2025-02-23 22:08:50,-9.24,73,clear sky
2025-02-23 22:28:26,-4.35,43,clear sky
2025-02-23 22:39:25,-10.24,79,clear sky
2025-02-23 22:48:32,-10.24,79,clear sky
2025-02-23 22:57:32,-10.24,79,clear sky
2025-02-23 23:17:12,-4.24,43,clear sky
2025-02-23 23:27:48,-7.24,68,clear sky
2025-02-23 23:37:59,-7.24,68,clear sky
2025-02-23 23:47:12,-7.24,68,clear sky
2025-02-23 23:56:09,-7.24,68,clear sky
2025-02-24 01:18:29,-0.24,37,clear sky
2025-02-24 02:35:26,0.76,32,clear sky
2025-02-24 03:06:41,0.76,32,clear sky
2025-02-24 03:34:20,1.76,30,clear sky
2025-02-24 03:47:55,1.76,30,clear sky
2025-02-24 03:56:49,1.76,30,clear sky
2025-02-24 04:21:37,0.38,26,clear sky
2025-02-24 04:38:13,2.76,30,clear sky
2025-02-24 04:47:17,2.76,30,clear sky
2025-02-24 04:56:12,2.76,30,clear sky
2025-02-24 05:16:32,1.22,24,clear sky
2025-02-24 05:32:47,3.76,33,clear sky
2025-02-24 05:42:11,3.76,33,clear sky
2025-02-24 05:51:04,3.76,33,clear sky
2025-02-24 06:00:09,3.76,33,clear sky
2025-02-24 06:34:09,3.76,33,clear sky
2025-02-24 06:48:22,3.76,33,clear sky
2025-02-24 06:57:16,3.76,33,clear sky
2025-02-24 07:18:14,2.2,24,clear sky
2025-02-24 07:29:14,3.76,30,clear sky
2025-02-24 07:38:47,3.76,30,clear sky
2025-02-24 07:47:46,3.76,30,clear sky
2025-02-24 07:56:50,3.76,30,clear sky
2025-02-24 08:24:27,3.76,30,clear sky
2025-02-24 08:42:29,3.76,30,clear sky
2025-02-24 08:52:04,3.76,30,clear sky
2025-02-24 09:10:22,3.76,30,clear sky
2025-02-24 09:29:53,1.76,35,clear sky
2025-02-24 09:41:21,1.76,35,clear sky
2025-02-24 09:51:30,1.76,35,clear sky
2025-02-24 10:08:59,1.76,35,clear sky
2025-02-24 10:33:08,0.76,40,clear sky
2025-02-24 10:45:01,0.76,40,clear sky
2025-02-24 10:54:17,0.76,40,clear sky
2025-02-24 11:10:48,0.54,35,clear sky
2025-02-24 11:24:31,0.54,35,clear sky
2025-02-24 11:35:10,0.76,60,clear sky
2025-02-24 11:44:04,0.76,60,clear sky
2025-02-24 11:53:25,0.76,60,clear sky
2025-02-24 12:21:52,0.11,38,clear sky
2025-02-24 12:56:35,0.76,64,clear sky
2025-02-24 13:24:59,-0.24,69,clear sky
2025-02-24 13:40:08,-0.24,69,clear sky
2025-02-24 13:49:04,-0.24,69,clear sky
2025-02-24 13:58:02,-0.24,69,clear sky
2025-02-24 14:20:01,-0.26,42,clear sky
2025-02-24 14:37:45,-2.24,86,clear sky
2025-02-24 14:46:58,-2.24,86,clear sky
2025-02-24 14:55:57,-2.24,86,clear sky
2025-02-24 15:18:23,-0.36,43,clear sky
2025-02-24 15:35:01,-5.24,93,clear sky
2025-02-24 15:44:56,-5.24,93,clear sky
2025-02-24 15:54:34,-5.24,93,clear sky
2025-02-24 16:17:35,-0.43,45,clear sky
2025-02-24 16:41:08,-6.24,100,clear sky
2025-02-24 16:52:41,-6.24,100,clear sky
2025-02-24 17:09:09,-6.24,100,clear sky
2025-02-24 17:27:19,-5.24,100,clear sky
2025-02-24 17:38:09,-5.24,100,clear sky
2025-02-24 17:47:20,-5.24,100,clear sky
2025-02-24 17:56:43,-5.24,100,clear sky
2025-02-24 18:25:13,-0.47,57,few clouds
2025-02-24 18:44:10,-7.24,93,clear sky
2025-02-24 18:53:28,-7.24,93,clear sky
2025-02-24 19:10:12,-7.24,93,clear sky
2025-02-24 19:22:35,-0.5,65,few clouds
2025-02-24 19:32:29,-6.24,93,clear sky
2025-02-24 19:41:34,-6.24,93,clear sky
2025-02-24 19:50:53,-6.24,93,clear sky
2025-02-24 19:59:45,-6.24,93,clear sky
2025-02-24 20:25:51,-7.24,100,clear sky
2025-02-24 20:38:14,-7.24,100,clear sky
2025-02-24 20:47:26,-7.24,100,clear sky
2025-02-24 20:56:31,-7.24,100,clear sky
2025-02-24 21:15:17,-0.58,69,broken clouds
2025-02-24 21:28:20,-7.24,100,clear sky
2025-02-24 21:38:43,-7.24,100,clear sky
2025-02-24 21:47:59,-7.24,100,clear sky
2025-02-24 21:56:52,-7.24,100,clear sky
2025-02-24 22:17:22,-0.74,68,scattered clouds
2025-02-24 22:33:46,-6.24,100,clear sky
2025-02-24 22:43:02,-6.24,100,clear sky
2025-02-24 22:52:08,-6.24,100,clear sky
2025-02-24 23:08:12,-0.53,66,scattered clouds
2025-02-24 23:25:20,-0.53,66,scattered clouds
2025-02-24 23:35:19,-3.24,93,clear sky
2025-02-24 23:44:21,-3.24,93,clear sky
2025-02-24 23:53:35,-3.24,93,clear sky
2025-02-25 00:55:39,0.76,80,clear sky
2025-02-25 02:17:54,3.76,60,clear sky
2025-02-25 03:01:59,3.76,60,broken clouds
2025-02-25 03:31:13,5.76,52,broken clouds
2025-02-25 03:45:26,5.76,52,broken clouds
2025-02-25 03:54:35,5.76,52,broken clouds
2025-02-25 04:16:51,3.82,50,overcast clouds
2025-02-25 04:35:41,4.76,56,broken clouds
2025-02-25 04:45:29,4.76,56,broken clouds
2025-02-25 04:54:40,4.76,56,broken clouds
2025-02-25 05:13:38,4.76,56,broken clouds
2025-02-25 05:31:53,4.76,60,broken clouds
2025-02-25 05:42:07,4.76,60,broken clouds
2025-02-25 05:52:26,4.76,60,broken clouds
2025-02-25 06:10:50,4.69,53,overcast clouds
2025-02-25 06:36:33,4.76,65,broken clouds
2025-02-25 06:48:49,4.76,65,broken clouds
2025-02-25 06:58:12,4.76,65,broken clouds
2025-02-25 07:20:04,5.76,61,broken clouds
2025-02-25 07:30:14,5.76,61,broken clouds
2025-02-25 07:39:30,5.76,61,broken clouds
2025-02-25 07:48:46,5.76,61,broken clouds
2025-02-25 07:57:57,5.76,61,broken clouds
2025-02-25 08:26:42,4.44,60,overcast clouds
2025-02-25 08:43:19,4.76,65,broken clouds
2025-02-25 08:52:30,4.76,65,broken clouds
2025-02-25 09:10:18,4.76,65,broken clouds
2025-02-25 09:29:32,4.76,70,broken clouds
2025-02-25 09:41:34,4.76,70,broken clouds
2025-02-25 09:50:42,4.76,70,broken clouds
2025-02-25 09:59:43,4.76,70,broken clouds
2025-02-25 10:26:14,3.76,75,broken clouds
2025-02-25 10:41:49,3.76,75,broken clouds
2025-02-25 10:51:01,3.76,75,broken clouds
2025-02-25 11:00:18,3.76,75,broken clouds
2025-02-25 11:19:51,3.15,76,broken clouds
2025-02-25 11:29:04,3.76,75,broken clouds
2025-02-25 11:38:55,3.76,75,broken clouds
2025-02-25 11:48:19,3.76,75,broken clouds
2025-02-25 11:57:24,3.76,75,broken clouds
2025-02-25 12:38:42,3.76,81,scattered clouds
2025-02-25 13:04:08,3.76,81,scattered clouds
2025-02-25 13:31:21,1.76,93,scattered clouds
2025-02-25 13:42:45,1.76,93,scattered clouds
2025-02-25 13:51:56,1.76,93,scattered clouds
2025-02-25 14:08:12,1.76,93,scattered clouds
2025-02-25 14:30:49,1.76,93,scattered clouds
2025-02-25 14:44:17,1.76,93,scattered clouds
2025-02-25 14:53:22,1.76,93,scattered clouds
2025-02-25 15:12:21,2.3,87,clear sky
2025-02-25 15:31:27,2.76,93,scattered clouds
2025-02-25 15:43:24,2.76,93,scattered clouds
2025-02-25 15:52:46,2.76,93,scattered clouds
2025-02-25 16:12:43,2.76,93,scattered clouds
2025-02-25 16:37:37,2.76,93,mist
2025-02-25 16:50:56,2.76,93,mist
2025-02-25 17:00:14,2.76,93,mist
2025-02-25 17:24:54,2.76,100,mist
2025-02-25 17:39:18,2.76,100,mist
2025-02-25 17:48:32,2.76,100,mist
2025-02-25 17:57:39,2.76,100,mist
2025-02-25 18:27:56,2.76,100,mist
2025-02-25 18:46:01,2.76,100,mist
2025-02-25 18:55:11,2.76,100,mist
2025-02-25 19:12:30,2.76,100,mist
2025-02-25 19:24:11,1.76,100,mist
2025-02-25 19:34:54,1.76,100,mist
2025-02-25 19:43:50,1.76,100,mist
2025-02-25 19:53:03,1.76,100,mist
2025-02-25 20:11:48,1.76,100,mist
2025-02-25 20:30:06,-0.24,100,mist
2025-02-25 20:41:47,-0.24,100,mist
2025-02-25 20:51:00,-0.24,100,mist
2025-02-25 20:59:59,-0.24,100,mist
2025-02-25 21:21:52,-0.26,56,clear sky
2025-02-25 21:31:37,-1.24,93,fog
2025-02-25 21:41:49,-1.24,93,fog
2025-02-25 21:50:45,-1.24,93,fog
2025-02-25 21:59:37,-1.24,93,fog
2025-02-25 22:22:51,-4.24,100,fog
2025-02-25 22:37:13,-4.24,100,fog
2025-02-25 22:46:29,-4.24,100,fog
2025-02-25 22:55:23,-4.24,100,fog
2025-02-25 23:13:57,-0.39,37,clear sky
2025-02-25 23:27:48,-2.24,93,fog
2025-02-25 23:37:51,-2.24,93,fog
2025-02-25 23:46:51,-2.24,93,fog
2025-02-25 23:56:06,-2.24,93,fog
2025-02-26 01:17:00,2.76,75,mist
2025-02-26 02:33:21,4.76,45,haze
2025-02-26 03:04:38,4.76,45,haze
2025-02-26 03:34:00,6.76,26,clear sky
2025-02-26 03:47:36,6.76,26,clear sky
2025-02-26 03:56:44,6.76,26,clear sky
2025-02-26 04:21:51,7.76,17,clear sky
2025-02-26 04:40:33,7.76,17,clear sky
2025-02-26 04:50:36,7.76,17,clear sky
2025-02-26 04:59:26,7.76,17,clear sky
2025-02-26 05:23:27,7.76,21,clear sky
2025-02-26 05:37:36,7.76,21,clear sky
2025-02-26 05:46:51,7.76,21,clear sky
2025-02-26 05:56:06,7.76,21,clear sky
2025-02-26 06:23:43,7.76,19,clear sky
2025-02-26 06:42:51,7.76,19,clear sky
2025-02-26 06:51:53,7.76,19,clear sky
2025-02-26 07:08:31,7.76,19,clear sky
2025-02-26 07:25:26,7.76,18,clear sky
2025-02-26 07:36:01,7.76,18,clear sky
2025-02-26 07:45:00,7.76,18,clear sky
2025-02-26 07:53:58,7.76,18,clear sky
2025-02-26 08:16:41,5.22,23,clear sky
2025-02-26 08:38:18,6.76,19,clear sky
2025-02-26 08:50:26,6.76,19,clear sky
2025-02-26 08:59:36,6.76,19,clear sky
2025-02-26 09:25:18,4.76,22,clear sky
2025-02-26 09:37:54,4.76,22,clear sky
2025-02-26 09:47:08,4.76,22,clear sky
2025-02-26 09:56:11,4.76,22,clear sky
2025-02-26 10:18:19,3.39,33,clear sky
2025-02-26 10:38:11,2.76,23,clear sky
2025-02-26 10:47:30,2.76,23,clear sky
2025-02-26 10:56:34,2.76,23,clear sky
2025-02-26 11:15:04,2.78,40,clear sky
2025-02-26 11:27:14,1.76,27,clear sky
2025-02-26 11:37:32,1.76,27,clear sky
2025-02-26 11:46:32,1.76,27,clear sky
2025-02-26 11:55:36,1.76,27,clear sky
2025-02-26 12:31:12,0.76,37,clear sky
2025-02-26 13:01:57,0.76,37,clear sky
2025-02-26 13:30:02,-0.24,40,clear sky
2025-02-26 13:42:22,-0.24,40,clear sky
2025-02-26 13:51:43,-0.24,40,clear sky
2025-02-26 14:07:52,-0.24,40,clear sky
2025-02-26 14:30:22,-1.24,51,clear sky
2025-02-26 14:43:54,-1.24,51,clear sky
2025-02-26 14:53:11,-1.24,51,clear sky
2025-02-26 15:11:59,0.74,57,clear sky
2025-02-26 15:44:21,-4.24,68,clear sky
2025-02-26 15:53:37,-4.24,68,clear sky
2025-02-26 16:14:37,-4.24,68,clear sky
2025-02-26 16:39:29,-4.24,74,clear sky
2025-02-26 16:52:01,-4.24,74,clear sky
2025-02-26 17:08:00,-4.24,74,clear sky
2025-02-26 17:27:59,-5.24,63,clear sky
2025-02-26 17:39:29,-5.24,63,clear sky
2025-02-26 17:48:36,-5.24,63,clear sky
2025-02-26 17:57:38,-5.24,63,clear sky
2025-02-26 18:27:36,0.16,58,clear sky
2025-02-26 18:45:39,0.05,55,clear sky
2025-02-26 18:54:40,0.15,57,clear sky
2025-02-26 19:11:17,0.15,57,clear sky
2025-02-26 19:23:22,0.15,57,clear sky
2025-02-26 19:33:42,0.07,56,clear sky
2025-02-26 19:42:35,0.07,56,clear sky
2025-02-26 19:51:53,0.07,56,clear sky
2025-02-26 20:09:14,-6.24,73,clear sky
2025-02-26 20:29:02,-6.24,73,clear sky
2025-02-26 20:41:05,-6.24,73,clear sky
2025-02-26 20:50:07,-6.24,73,clear sky
2025-02-26 20:59:22,-6.24,73,clear sky
2025-02-26 21:21:47,0.01,54,clear sky
2025-02-26 21:31:22,-6.24,79,clear sky
2025-02-26 21:40:30,-6.24,79,clear sky
2025-02-26 21:49:51,-6.24,79,clear sky
2025-02-26 21:58:51,-6.24,79,clear sky
2025-02-26 22:21:29,-6.24,86,clear sky
2025-02-26 22:36:15,-6.24,86,clear sky
2025-02-26 22:45:27,-6.24,86,clear sky
2025-02-26 22:54:36,-6.24,86,clear sky
2025-02-26 23:13:35,0.34,48,clear sky
2025-02-26 23:29:52,-4.24,80,clear sky
2025-02-26 23:40:46,-4.24,80,clear sky
2025-02-26 23:49:49,-4.24,80,clear sky
2025-02-26 23:58:42,-4.24,80,clear sky
2025-02-27 01:46:47,5.76,24,clear sky
2025-02-27 02:44:42,8.76,25,clear sky
2025-02-27 03:15:06,9.76,16,clear sky
2025-02-27 03:39:27,9.76,16,clear sky
2025-02-27 03:50:14,9.76,16,clear sky
2025-02-27 03:59:08,9.76,16,clear sky
2025-02-27 04:27:30,11.76,13,clear sky
2025-02-27 04:42:53,11.76,13,clear sky
2025-02-27 04:52:07,11.76,13,clear sky
2025-02-27 05:09:21,11.76,13,clear sky
2025-02-27 05:31:12,12.76,11,clear sky
2025-02-27 05:42:39,12.76,11,clear sky
2025-02-27 05:52:05,12.76,11,clear sky
2025-02-27 06:12:35,9.44,14,few clouds
2025-02-27 06:38:39,12.76,11,few clouds
2025-02-27 06:50:33,12.76,11,few clouds
2025-02-27 06:59:29,12.76,11,few clouds
2025-02-27 07:22:11,12.76,13,clear sky
2025-02-27 07:31:53,12.76,13,clear sky
2025-02-27 07:40:50,12.76,13,clear sky
2025-02-27 07:49:53,12.76,13,clear sky
2025-02-27 07:58:40,12.76,13,clear sky
2025-02-27 08:28:23,11.76,16,clear sky
2025-02-27 08:44:17,11.76,16,clear sky
2025-02-27 08:53:22,11.76,16,clear sky
2025-02-27 09:12:09,8.93,15,broken clouds
2025-02-27 09:30:00,10.76,19,clear sky
2025-02-27 09:41:09,10.76,19,clear sky
2025-02-27 09:50:29,10.76,19,clear sky
2025-02-27 09:59:34,10.76,19,clear sky
2025-02-27 10:26:04,6.76,31,clear sky
2025-02-27 10:41:41,6.76,31,clear sky
2025-02-27 10:51:01,6.76,31,clear sky
2025-02-27 11:00:03,6.76,31,clear sky
2025-02-27 11:19:34,7.3,17,broken clouds
2025-02-27 11:28:48,2.76,41,clear sky
2025-02-27 11:38:56,2.76,41,clear sky
2025-02-27 11:48:07,2.76,41,clear sky
2025-02-27 11:58:55,2.76,41,clear sky
2025-02-27 12:38:18,2.76,41,clear sky
2025-02-27 13:04:18,2.76,41,clear sky
2025-02-27 13:31:54,-0.24,51,clear sky
2025-02-27 13:43:12,-0.24,51,clear sky
2025-02-27 13:52:22,-0.24,51,clear sky
2025-02-27 14:09:06,-0.24,51,clear sky
2025-02-27 14:30:55,-0.24,59,clear sky
2025-02-27 14:43:40,-0.24,59,clear sky
2025-02-27 14:52:42,-0.24,59,clear sky
2025-02-27 15:11:07,-0.24,59,clear sky
2025-02-27 15:30:59,0.76,60,broken clouds
2025-02-27 15:41:33,0.76,60,broken clouds
2025-02-27 15:50:48,0.76,60,broken clouds
2025-02-27 15:59:43,0.76,60,broken clouds
2025-02-27 16:31:13,-0.24,69,broken clouds
2025-02-27 16:47:46,-0.24,69,broken clouds
2025-02-27 16:56:48,-0.24,69,broken clouds
2025-02-27 17:16:36,3.83,25,broken clouds
2025-02-27 17:32:31,0.76,75,broken clouds
2025-02-27 17:41:50,0.76,75,broken clouds
2025-02-27 17:50:58,0.76,75,broken clouds
2025-02-27 17:59:53,0.76,75,broken clouds
2025-02-27 18:33:11,0.76,64,broken clouds
2025-02-27 18:48:10,0.76,64,broken clouds
2025-02-27 18:57:04,0.76,64,broken clouds
2025-02-27 19:15:09,4,35,broken clouds
2025-02-27 19:25:33,-0.24,64,scattered clouds
2025-02-27 19:36:09,-0.24,64,scattered clouds
2025-02-27 19:45:16,-0.24,64,scattered clouds
2025-02-27 19:54:25,-0.24,64,scattered clouds
2025-02-27 20:14:42,-0.24,64,scattered clouds
2025-02-27 20:31:42,-0.24,69,broken clouds
2025-02-27 20:42:38,-0.24,69,broken clouds
2025-02-27 20:51:47,-0.24,69,broken clouds
2025-02-27 21:07:42,-0.24,69,broken clouds
2025-02-27 21:25:17,-0.24,80,broken clouds
2025-02-27 21:35:40,-0.24,80,broken clouds
2025-02-27 21:44:54,-0.24,80,broken clouds
2025-02-27 21:54:04,-0.24,80,broken clouds
2025-02-27 22:13:05,3.61,41,broken clouds
2025-02-27 22:32:56,1.76,64,broken clouds
2025-02-27 22:43:29,1.76,64,broken clouds
2025-02-27 22:52:23,1.76,64,broken clouds
2025-02-27 23:09:14,1.76,64,broken clouds
2025-02-27 23:26:28,1.76,75,broken clouds
2025-02-27 23:36:38,1.76,75,broken clouds
2025-02-27 23:45:46,1.76,75,broken clouds
2025-02-27 23:55:01,1.76,75,broken clouds
2025-02-28 01:08:49,4.76,52,broken clouds
2025-02-28 02:33:23,9.76,40,broken clouds
2025-02-28 03:06:00,9.76,40,broken clouds
2025-02-28 03:33:58,10.76,58,broken clouds
2025-02-28 03:47:25,10.76,58,broken clouds
2025-02-28 03:56:33,10.76,58,broken clouds
2025-02-28 04:21:12,10.76,62,broken clouds
2025-02-28 04:38:45,10.76,62,broken clouds
2025-02-28 04:48:24,10.76,62,broken clouds
2025-02-28 04:57:42,10.76,62,broken clouds
2025-02-28 05:20:58,7.74,59,overcast clouds
2025-02-28 05:37:14,10.76,62,broken clouds
2025-02-28 05:46:31,10.76,62,broken clouds
2025-02-28 05:55:45,10.76,62,broken clouds
2025-02-28 06:22:25,8.69,60,overcast clouds
2025-02-28 06:42:09,11.76,58,broken clouds
2025-02-28 06:51:26,11.76,58,broken clouds
2025-02-28 07:07:49,11.76,58,broken clouds
2025-02-28 07:25:14,11.76,58,broken clouds
2025-02-28 07:35:01,11.76,58,broken clouds
2025-02-28 07:44:03,11.76,58,broken clouds
2025-02-28 07:53:10,11.76,58,broken clouds
2025-02-28 08:14:14,10.76,66,scattered clouds
2025-02-28 08:34:43,10.76,66,scattered clouds
2025-02-28 08:47:32,10.76,66,scattered clouds
2025-02-28 08:56:18,10.76,66,scattered clouds
2025-02-28 09:18:12,8.65,65,clear sky
2025-02-28 09:32:27,9.76,71,clear sky
2025-02-28 09:41:58,9.76,71,clear sky
2025-02-28 09:51:10,9.76,71,clear sky
2025-02-28 10:00:10,9.76,71,clear sky
2025-02-28 10:26:00,4.76,87,clear sky
2025-02-28 10:40:36,4.76,87,clear sky
2025-02-28 10:49:54,4.76,87,clear sky
2025-02-28 10:58:49,4.76,87,clear sky
2025-02-28 11:18:18,4.76,100,clear sky
2025-02-28 11:27:34,4.76,100,clear sky
2025-02-28 11:37:56,4.76,100,clear sky
2025-02-28 11:47:10,4.76,100,clear sky
2025-02-28 11:56:21,4.76,100,clear sky
2025-02-28 12:33:56,3.76,100,clear sky
2025-02-28 13:01:55,3.76,100,clear sky
2025-02-28 13:29:30,3.76,100,mist
2025-02-28 13:41:14,3.76,100,mist
2025-02-28 13:50:11,3.76,100,mist
2025-02-28 13:59:06,3.76,100,mist
2025-02-28 14:22:01,0.76,100,mist
2025-02-28 14:37:34,0.76,100,mist
2025-02-28 14:46:40,0.76,100,mist
2025-02-28 14:55:37,0.76,100,mist
2025-02-28 15:16:31,0.76,100,fog
2025-02-28 15:32:28,0.76,100,fog
2025-02-28 15:42:55,0.76,100,fog
2025-02-28 15:52:25,0.76,100,fog
2025-02-28 16:11:40,0.76,100,fog
2025-02-28 16:35:35,-1.24,100,fog
2025-02-28 16:47:46,-0.24,93,fog
2025-02-28 16:57:17,-0.24,93,fog
2025-02-28 17:15:23,-0.24,93,fog
2025-02-28 17:30:53,-0.24,100,fog
2025-02-28 17:40:38,-0.24,100,fog
2025-02-28 17:49:29,-0.24,100,fog
2025-02-28 17:58:22,-0.24,100,fog
2025-02-28 18:29:53,-1.24,100,fog
2025-02-28 18:46:23,-1.24,100,fog
2025-02-28 18:55:34,-1.24,100,fog
2025-02-28 19:13:50,-0.24,100,fog
2025-02-28 19:25:55,-0.24,100,fog
2025-02-28 19:36:10,-0.24,100,fog
2025-02-28 19:45:21,-0.24,100,fog
2025-02-28 19:54:16,-0.24,100,fog
2025-02-28 20:13:45,-0.24,100,fog
2025-02-28 20:30:35,-0.24,100,fog
2025-02-28 20:42:38,-0.24,100,fog
2025-02-28 20:51:48,-0.24,100,fog
2025-02-28 21:07:11,-0.24,100,fog
2025-02-28 21:24:33,-1.24,100,fog
2025-02-28 21:34:49,-1.24,100,fog
2025-02-28 21:43:37,-1.24,100,fog
2025-02-28 21:52:51,-1.24,100,fog
2025-02-28 22:09:22,-1.24,100,fog
2025-02-28 22:30:21,-1.24,100,fog
2025-02-28 22:41:58,-1.24,100,fog
2025-02-28 22:51:09,-0.24,100,fog
2025-02-28 23:00:09,-0.24,93,fog
2025-02-28 23:21:50,-0.24,93,fog
2025-02-28 23:31:01,-0.24,100,fog
2025-02-28 23:39:54,-0.24,100,fog
2025-02-28 23:48:58,-0.24,100,fog
2025-02-28 23:58:10,-0.24,100,fog
2025-03-01 01:48:01,5.76,100,mist
2025-03-01 02:49:43,8.76,71,mist
2025-03-01 03:21:25,13.76,44,overcast clouds
2025-03-01 03:43:49,13.76,44,haze
2025-03-01 03:53:01,13.76,44,haze
2025-03-01 04:12:36,13.76,44,haze
2025-03-01 04:32:37,12.76,47,haze
2025-03-01 04:43:53,12.76,47,haze
2025-03-01 04:52:50,12.76,47,haze
2025-03-01 05:09:49,12.76,47,haze
2025-03-01 05:28:58,11.76,54,light rain
2025-03-01 05:40:28,11.76,54,light rain
2025-03-01 05:49:48,11.76,54,moderate rain
2025-03-01 05:58:48,11.76,54,moderate rain
2025-03-01 06:30:29,10.76,82,moderate rain
2025-03-01 06:45:30,10.76,82,moderate rain
2025-03-01 06:54:29,10.76,82,broken clouds
2025-03-01 07:12:02,10.76,82,broken clouds
2025-03-01 07:25:56,11.76,66,overcast clouds
2025-03-01 07:35:38,11.76,66,haze
2025-03-01 07:44:43,11.76,66,haze
2025-03-01 07:53:55,11.76,66,haze
2025-03-01 08:14:36,12.78,54,haze
2025-03-01 08:33:20,11.76,62,haze
2025-03-01 08:45:34,11.76,62,haze
2025-03-01 08:54:45,11.76,62,haze
2025-03-01 09:13:10,11.76,62,haze
2025-03-01 09:28:08,10.76,71,overcast clouds
2025-03-01 09:38:16,10.76,71,haze
2025-03-01 09:47:33,10.76,71,haze
2025-03-01 09:56:35,10.76,71,haze
2025-03-01 10:17:00,7.63,64,overcast clouds
2025-03-01 10:33:40,9.76,76,overcast clouds
2025-03-01 10:42:47,9.76,76,broken clouds
2025-03-01 10:51:47,9.76,76,broken clouds
2025-03-01 11:04:10,9.76,76,broken clouds
2025-03-01 11:19:30,7.58,65,overcast clouds
2025-03-01 11:28:38,7.58,65,overcast clouds
2025-03-01 11:39:29,7.76,81,broken clouds
2025-03-01 11:48:42,7.76,81,broken clouds
2025-03-01 11:57:55,7.76,81,broken clouds
2025-03-01 12:37:00,5.76,100,mist
2025-03-01 12:59:46,5.76,100,mist
2025-03-01 13:24:49,6.76,93,mist
2025-03-01 13:35:27,6.76,93,mist
2025-03-01 13:44:40,6.76,93,mist
2025-03-01 13:53:49,6.76,93,mist
2025-03-01 14:10:07,6.76,93,mist
2025-03-01 14:29:03,6.76,87,mist
2025-03-01 14:39:57,6.76,87,mist
2025-03-01 14:49:11,6.76,87,mist
2025-03-01 14:58:07,6.76,87,mist
2025-03-01 15:20:41,7.43,53,broken clouds
2025-03-01 15:32:44,3.76,100,mist
2025-03-01 15:41:51,3.76,100,mist
2025-03-01 15:51:03,3.76,100,mist
2025-03-01 15:59:53,3.76,100,mist
2025-03-01 16:26:42,3.76,100,mist
2025-03-01 16:40:49,3.76,100,mist
2025-03-01 16:50:04,3.76,100,mist
2025-03-01 16:59:20,3.76,100,mist
2025-03-01 17:18:52,6.77,56,broken clouds
2025-03-01 17:30:03,3.76,100,mist
2025-03-01 17:39:10,3.76,100,mist
2025-03-01 17:48:23,3.76,100,mist
2025-03-01 17:57:16,3.76,100,mist
2025-03-01 18:23:53,3.76,100,mist
2025-03-01 18:39:49,3.76,100,mist
2025-03-01 18:48:41,3.76,100,mist
2025-03-01 18:57:50,3.76,100,mist
2025-03-01 19:14:31,3.76,100,mist
2025-03-01 19:23:41,4.76,100,mist
2025-03-01 19:33:33,4.76,100,mist
2025-03-01 19:42:40,4.76,100,mist
2025-03-01 19:51:43,4.76,100,mist
2025-03-01 20:07:42,4.76,100,mist
2025-03-01 20:26:07,7.26,53,overcast clouds
2025-03-01 20:36:31,5.76,93,mist
2025-03-01 20:45:42,5.76,93,mist
2025-03-01 20:54:58,5.76,93,mist
2025-03-01 21:12:16,5.76,93,mist
2025-03-01 21:27:56,4.76,100,mist
2025-03-01 21:37:11,4.76,100,mist
2025-03-01 21:46:14,4.76,100,mist
2025-03-01 21:55:12,4.76,100,mist
2025-03-01 22:12:55,4.76,100,mist
2025-03-01 22:30:23,4.76,100,mist
2025-03-01 22:40:46,4.76,100,mist
2025-03-01 22:50:05,4.76,100,mist
2025-03-01 22:59:04,4.76,100,mist
2025-03-01 23:22:10,7.21,50,overcast clouds
2025-03-01 23:31:49,5.76,87,mist
2025-03-01 23:40:57,5.76,87,mist
2025-03-01 23:49:50,5.76,87,mist
2025-03-01 23:58:57,5.76,87,mist
2025-03-02 01:54:06,8.76,71,broken clouds
2025-03-02 02:51:53,10.76,62,broken clouds
2025-03-02 03:18:53,8.16,52,overcast clouds
2025-03-02 03:40:46,12.76,54,broken clouds
2025-03-02 03:50:13,12.76,54,broken clouds
2025-03-02 03:59:21,12.76,54,broken clouds
2025-03-02 04:26:14,14.76,41,clear sky
2025-03-02 04:39:39,14.76,41,clear sky
2025-03-02 04:48:42,14.76,41,clear sky
2025-03-02 04:57:59,14.76,41,clear sky
2025-03-02 05:20:52,8.99,45,overcast clouds
2025-03-02 05:35:41,8.99,45,overcast clouds
2025-03-02 05:44:41,13.76,41,clear sky
2025-03-02 05:53:59,13.76,41,clear sky
2025-03-02 06:16:45,13.76,41,clear sky
2025-03-02 06:38:53,13.76,35,moderate rain
2025-03-02 06:48:54,13.76,35,moderate rain
2025-03-02 06:58:02,13.76,35,moderate rain
2025-03-02 07:17:52,8.09,64,heavy intensity rain
2025-03-02 07:27:29,10.76,62,moderate rain
2025-03-02 07:37:06,10.76,62,moderate rain
2025-03-02 07:46:01,10.76,62,moderate rain
2025-03-02 07:54:59,10.76,62,moderate rain
2025-03-02 08:16:34,10.76,62,moderate rain
2025-03-02 08:33:41,7.76,93,moderate rain
2025-03-02 08:44:21,7.76,93,moderate rain
2025-03-02 08:53:19,7.76,93,moderate rain
2025-03-02 09:10:20,7.76,93,moderate rain
2025-03-02 09:27:36,6.76,100,heavy intensity rain
2025-03-02 09:37:49,6.76,100,moderate rain
2025-03-02 09:47:08,6.76,100,moderate rain
2025-03-02 09:56:22,6.76,100,moderate rain
2025-03-02 10:17:03,4.57,84,light rain
2025-03-02 10:33:57,5.76,93,moderate rain
2025-03-02 10:42:58,5.76,93,moderate rain
2025-03-02 10:52:16,5.76,93,moderate rain
2025-03-02 11:07:26,5.76,93,moderate rain
2025-03-02 11:21:16,4.3,82,light rain
2025-03-02 11:30:29,4.76,93,moderate rain
2025-03-02 11:39:22,4.76,93,moderate rain
2025-03-02 11:48:30,4.76,93,moderate rain
2025-03-02 11:57:36,4.76,93,moderate rain
2025-03-02 12:34:56,4.76,87,moderate rain
2025-03-02 12:58:06,4.76,87,moderate rain
2025-03-02 13:21:36,3.2,78,moderate rain
2025-03-02 13:32:19,2.88,80,moderate rain
2025-03-02 13:41:14,3.76,93,light rain
2025-03-02 13:50:27,3.76,93,light rain
2025-03-02 13:59:46,3.76,93,light rain
2025-03-02 14:21:34,2.06,82,light rain
2025-03-02 14:34:00,2.76,93,moderate rain
2025-03-02 14:42:55,2.76,93,moderate rain
2025-03-02 14:51:50,2.76,93,moderate rain
2025-03-02 15:06:51,2.76,93,moderate rain
2025-03-02 15:25:51,2.76,93,moderate rain
2025-03-02 15:36:36,2.76,93,moderate rain
2025-03-02 15:45:34,2.76,93,moderate rain
2025-03-02 15:54:37,2.76,93,moderate rain
2025-03-02 16:15:28,0.66,99,snow
2025-03-02 16:34:39,2.76,93,moderate rain
2025-03-02 16:45:09,2.76,93,moderate rain
2025-03-02 16:54:16,2.76,93,moderate rain
2025-03-02 17:10:26,2.76,93,moderate rain
2025-03-02 17:26:35,2.76,93,moderate rain
2025-03-02 17:36:49,2.76,93,moderate rain
2025-03-02 17:45:51,2.76,93,moderate rain
2025-03-02 17:55:04,2.76,93,moderate rain
2025-03-02 18:19:02,1.76,100,moderate rain
2025-03-02 18:39:57,1.76,100,light rain
2025-03-02 18:49:42,1.76,100,light rain
2025-03-02 18:58:46,1.76,100,light rain
2025-03-02 19:16:10,1.76,100,light rain
2025-03-02 19:25:17,0.25,98,snow
2025-03-02 19:35:36,1.76,100,moderate rain
2025-03-02 19:44:38,1.76,100,moderate rain
2025-03-02 19:53:44,1.76,100,moderate rain
2025-03-02 20:11:56,1.76,100,light rain
2025-03-02 20:27:46,0.76,100,light rain
2025-03-02 20:39:17,0.76,100,moderate rain
2025-03-02 20:48:18,0.76,100,moderate rain
2025-03-02 20:57:13,0.76,100,light rain
2025-03-02 21:16:54,0.1,95,snow
2025-03-02 21:28:06,0.76,100,snow
2025-03-02 21:37:39,0.76,100,snow
2025-03-02 21:46:58,0.76,100,snow
2025-03-02 21:55:55,0.76,100,snow
2025-03-02 22:15:23,0.76,100,light snow
2025-03-02 22:32:02,0.76,100,light snow
2025-03-02 22:41:18,0.76,100,snow
2025-03-02 22:50:11,0.76,100,overcast clouds
2025-03-02 22:59:04,0.76,100,overcast clouds
2025-03-02 23:20:43,0.93,83,overcast clouds
2025-03-02 23:29:31,1.76,93,broken clouds
2025-03-02 23:39:19,1.76,93,mist
2025-03-02 23:48:19,1.76,93,mist
2025-03-02 23:57:30,1.76,93,broken clouds
2025-03-03 01:39:17,3.76,65,broken clouds
2025-03-03 02:45:38,4.76,65,clear sky
2025-03-03 03:17:48,2.4,75,broken clouds
2025-03-03 03:41:39,5.76,56,clear sky
2025-03-03 03:52:32,5.76,56,clear sky
2025-03-03 04:13:23,3.08,70,broken clouds
2025-03-03 04:34:55,6.76,57,clear sky
2025-03-03 04:47:03,6.76,57,clear sky
2025-03-03 04:56:14,6.76,57,clear sky
2025-03-03 05:16:39,3.66,64,broken clouds
2025-03-03 05:33:44,6.76,57,clear sky
2025-03-03 05:43:36,6.76,57,clear sky
2025-03-03 05:52:46,6.76,57,clear sky
2025-03-03 06:15:13,4.03,61,broken clouds
2025-03-03 06:41:48,5.76,52,clear sky
2025-03-03 06:52:39,5.76,52,clear sky
2025-03-03 07:10:53,5.76,52,clear sky
2025-03-03 07:27:26,4.76,52,clear sky
2025-03-03 07:37:39,4.76,52,clear sky
2025-03-03 07:46:39,4.76,52,clear sky
2025-03-03 07:55:32,4.76,52,clear sky
2025-03-03 08:21:29,3.66,51,overcast clouds
2025-03-03 08:39:50,4.76,52,clear sky
2025-03-03 08:50:33,4.76,52,clear sky
2025-03-03 08:59:40,4.76,52,clear sky
2025-03-03 09:27:19,3.76,52,clear sky
2025-03-03 09:40:38,3.76,52,clear sky
2025-03-03 09:49:36,3.76,52,clear sky
2025-03-03 09:58:35,3.76,52,clear sky
2025-03-03 10:24:44,1.42,53,overcast clouds
2025-03-03 10:41:42,2.76,56,clear sky
2025-03-03 10:50:51,2.76,56,clear sky
2025-03-03 10:59:48,2.76,56,clear sky
2025-03-03 11:20:46,1.76,55,clear sky
2025-03-03 11:30:05,1.76,55,clear sky
2025-03-03 11:39:50,1.76,55,clear sky
2025-03-03 11:48:54,1.76,55,clear sky
2025-03-03 11:58:06,1.76,55,clear sky
2025-03-03 12:41:31,1.76,51,clear sky
2025-03-03 13:12:19,1.76,51,clear sky
2025-03-03 13:34:25,1.76,51,clear sky
2025-03-03 13:45:00,1.76,51,clear sky
2025-03-03 13:54:03,1.76,51,clear sky
2025-03-03 14:12:54,1.76,51,clear sky
2025-03-03 14:33:04,1.76,48,clear sky
2025-03-03 14:45:21,1.76,48,clear sky
2025-03-03 14:54:34,1.76,48,clear sky
2025-03-03 15:14:47,0.71,52,overcast clouds
2025-03-03 15:32:18,1.76,51,clear sky
2025-03-03 15:44:05,1.76,51,clear sky
2025-03-03 15:52:54,1.76,51,clear sky
2025-03-03 16:13:11,1.76,51,clear sky
2025-03-03 16:37:05,1.76,55,clear sky
2025-03-03 16:52:11,1.76,55,clear sky
2025-03-03 17:08:12,1.76,55,clear sky
2025-03-03 17:28:33,1.76,51,clear sky
2025-03-03 17:40:21,1.76,51,clear sky
2025-03-03 17:49:31,1.76,51,clear sky
2025-03-03 17:58:25,1.76,51,light snow
2025-03-03 18:28:42,1.76,51,clear sky
2025-03-03 18:46:24,1.76,51,clear sky
2025-03-03 18:55:29,1.76,51,clear sky
2025-03-03 19:12:12,0.77,57,overcast clouds
2025-03-03 19:24:49,1.76,55,clear sky
2025-03-03 19:35:20,1.76,55,clear sky
2025-03-03 19:44:28,1.76,55,clear sky
2025-03-03 19:53:26,1.76,55,clear sky
2025-03-03 20:12:48,1.76,55,clear sky
2025-03-03 20:30:44,1.76,55,clear sky
2025-03-03 20:44:02,1.76,55,clear sky
2025-03-03 20:53:12,1.76,55,snow
2025-03-03 21:10:05,1.76,55,light snow
2025-03-03 21:28:08,1.76,55,clear sky
2025-03-03 21:40:48,1.76,55,clear sky
2025-03-03 21:49:54,1.76,55,clear sky
2025-03-03 21:58:49,1.76,55,clear sky
2025-03-03 22:21:25,0.84,57,light snow
2025-03-03 22:36:50,2.76,52,moderate rain
2025-03-03 22:46:03,2.76,52,clear sky
2025-03-03 22:55:21,2.76,52,clear sky
2025-03-03 23:14:18,1.01,57,overcast clouds
2025-03-03 23:28:32,2.76,56,clear sky
2025-03-03 23:38:58,2.76,56,clear sky
2025-03-03 23:47:59,2.76,56,light rain
2025-03-03 23:56:51,2.76,56,snow
2025-03-04 01:24:35,-0.24,100,snow
2025-03-04 02:38:59,0.76,93,snow
2025-03-04 03:16:13,0.76,100,snow
2025-03-04 03:40:46,0.76,100,snow
2025-03-04 03:51:40,0.76,100,snow
2025-03-04 04:09:43,0.76,100,snow
2025-03-04 04:32:19,1.76,100,snow
2025-03-04 04:45:31,1.76,100,snow
2025-03-04 04:54:19,1.76,100,snow
2025-03-04 05:12:59,1.76,100,snow
2025-03-04 05:31:25,1.76,100,light rain
2025-03-04 05:42:15,1.76,100,light rain
2025-03-04 05:51:20,1.76,100,light rain
2025-03-04 06:00:19,1.76,100,light rain
2025-03-04 06:33:23,2.76,87,moderate rain
2025-03-04 06:48:29,2.76,87,light rain
2025-03-04 06:57:26,2.76,87,light rain
2025-03-04 07:19:44,1.78,87,light rain
2025-03-04 07:30:41,2.76,93,light rain
2025-03-04 07:41:15,2.76,93,light rain
2025-03-04 07:50:23,2.76,93,broken clouds
2025-03-04 07:59:17,2.76,93,broken clouds
2025-03-04 08:28:36,3.76,81,broken clouds
2025-03-04 08:45:26,3.76,81,broken clouds
2025-03-04 08:55:04,3.76,81,broken clouds
2025-03-04 09:15:43,2.78,70,broken clouds
2025-03-04 09:32:14,3.76,70,broken clouds
2025-03-04 09:43:00,3.76,70,broken clouds
2025-03-04 09:52:19,3.76,70,broken clouds
2025-03-04 10:10:36,2.13,69,overcast clouds
2025-03-04 10:34:21,2.76,81,broken clouds
2025-03-04 10:46:21,2.76,81,broken clouds
2025-03-04 10:55:20,2.76,81,broken clouds
2025-03-04 11:12:56,2.27,66,overcast clouds
2025-03-04 11:26:14,1.76,87,broken clouds
2025-03-04 11:36:44,1.76,87,broken clouds
2025-03-04 11:45:50,1.76,87,broken clouds
2025-03-04 11:55:03,1.76,87,broken clouds
2025-03-04 12:29:24,1.76,87,clear sky
2025-03-04 13:01:30,1.76,87,clear sky
2025-03-04 13:30:47,1.76,80,clear sky
2025-03-04 13:43:18,1.76,80,clear sky
2025-03-04 13:52:40,1.76,80,clear sky
2025-03-04 14:09:43,1.76,80,clear sky
2025-03-04 14:31:31,1.76,75,clear sky
2025-03-04 14:44:01,1.76,75,snow
2025-03-04 14:53:04,1.76,75,snow
2025-03-04 15:11:36,1.84,68,overcast clouds
2025-03-04 15:31:21,1.76,75,clear sky
2025-03-04 15:43:51,1.76,75,light snow
2025-03-04 15:53:20,1.76,75,light snow
2025-03-04 16:14:07,1.61,69,overcast clouds
2025-03-04 16:40:17,1.76,75,clear sky
2025-03-04 16:52:38,1.76,75,clear sky
2025-03-04 17:09:06,1.76,75,clear sky
2025-03-04 17:28:46,1.76,75,clear sky
2025-03-04 17:40:35,1.76,75,clear sky
2025-03-04 17:49:47,1.76,75,clear sky
2025-03-04 17:58:50,1.76,75,clear sky
2025-03-04 18:32:15,1.76,75,light snow
2025-03-04 18:48:29,1.76,75,clear sky
2025-03-04 18:57:27,1.76,75,clear sky
2025-03-04 19:15:19,1.76,75,clear sky
2025-03-04 19:25:26,1.76,75,clear sky
2025-03-04 19:35:55,1.76,75,clear sky
2025-03-04 19:45:07,1.76,75,clear sky
2025-03-04 19:54:30,1.76,75,clear sky
2025-03-04 20:14:19,1.06,75,overcast clouds
2025-03-04 20:31:10,1.76,75,clear sky
2025-03-04 20:42:14,1.76,75,clear sky
2025-03-04 20:51:30,1.76,75,light snow
2025-03-04 21:06:52,1.76,75,clear sky
2025-03-04 21:25:22,0.98,75,light snow
2025-03-04 21:35:50,1.76,75,clear sky
2025-03-04 21:44:43,1.76,75,light snow
2025-03-04 21:53:55,1.76,75,light snow
2025-03-04 22:11:36,1.05,74,light snow
2025-03-04 22:30:09,1.76,75,snow
2025-03-04 22:41:26,1.76,75,clear sky
2025-03-04 22:50:39,1.76,75,clear sky
2025-03-04 22:59:52,1.76,75,light snow
2025-03-04 23:22:27,1.35,71,overcast clouds
2025-03-04 23:32:40,1.76,75,clear sky
2025-03-04 23:41:41,1.76,75,clear sky
2025-03-04 23:50:47,1.76,75,clear sky
2025-03-04 23:59:58,1.76,75,clear sky
2025-03-05 01:54:06,3.76,65,light rain
2025-03-05 02:50:08,4.76,65,clear sky
2025-03-05 03:17:03,5.87,51,light rain
2025-03-05 03:40:10,4.76,65,clear sky
2025-03-05 03:51:38,4.76,65,clear sky
2025-03-05 04:09:50,4.76,65,clear sky
2025-03-05 04:32:26,5.76,65,clear sky
2025-03-05 04:45:23,5.76,65,clear sky
2025-03-05 04:54:38,5.76,65,clear sky
2025-03-05 05:13:57,7.48,43,overcast clouds
2025-03-05 05:32:48,6.76,61,clear sky
2025-03-05 05:43:09,6.76,61,clear sky
2025-03-05 05:52:29,6.76,61,clear sky
2025-03-05 06:13:42,7.88,41,overcast clouds
2025-03-05 06:40:46,7.76,57,broken clouds
2025-03-05 06:51:41,7.76,57,broken clouds
2025-03-05 07:08:19,7.76,57,broken clouds
2025-03-05 07:26:50,7.76,57,broken clouds
2025-03-05 07:38:46,7.76,57,broken clouds
2025-03-05 07:48:00,7.76,57,broken clouds
2025-03-05 07:56:53,7.76,57,broken clouds
2025-03-05 08:24:48,7.73,39,overcast clouds
2025-03-05 08:42:50,7.76,57,clear sky
2025-03-05 08:53:08,7.76,57,clear sky
2025-03-05 09:11:48,7.35,40,overcast clouds
2025-03-05 09:30:30,6.76,61,clear sky
2025-03-05 09:42:19,6.76,61,clear sky
2025-03-05 09:51:22,6.76,61,clear sky
2025-03-05 10:00:35,6.76,61,clear sky
2025-03-05 10:27:26,4.76,65,few clouds
2025-03-05 10:42:56,4.76,65,few clouds
2025-03-05 10:52:08,4.76,65,few clouds
2025-03-05 11:08:02,4.76,65,few clouds
2025-03-05 11:23:40,3.76,75,few clouds
2025-03-05 11:34:09,3.76,75,few clouds
2025-03-05 11:43:10,3.76,75,few clouds
2025-03-05 11:52:28,3.76,75,few clouds
2025-03-05 12:17:45,5.76,47,overcast clouds
2025-03-05 12:55:31,3.76,81,clear sky
2025-03-05 13:23:22,4.88,48,clear sky
2025-03-05 13:39:47,1.76,93,clear sky
2025-03-05 13:49:16,1.76,93,clear sky
2025-03-05 13:58:16,1.76,93,clear sky
2025-03-05 14:20:18,1.76,87,clear sky
2025-03-05 14:37:35,1.76,87,clear sky
2025-03-05 14:46:31,1.76,87,clear sky
2025-03-05 14:55:25,1.76,87,clear sky
2025-03-05 15:17:22,1.76,87,clear sky
2025-03-05 15:32:59,0.76,80,clear sky
2025-03-05 15:44:01,0.76,80,clear sky
2025-03-05 15:53:16,0.76,80,clear sky
2025-03-05 16:18:38,3.11,49,clear sky
2025-03-05 16:46:25,-0.24,80,clear sky
2025-03-05 16:58:26,-0.24,80,clear sky
2025-03-05 17:19:30,2.67,51,clear sky
2025-03-05 17:34:41,-1.24,93,clear sky
2025-03-05 17:43:57,-1.24,93,clear sky
2025-03-05 17:53:10,2.29,52,clear sky
2025-03-05 18:15:17,-1.24,93,clear sky
2025-03-05 18:41:20,-2.24,93,clear sky
2025-03-05 18:52:27,-2.24,93,clear sky
2025-03-05 19:07:48,-2.24,93,clear sky
2025-03-05 19:22:08,1.97,53,clear sky
2025-03-05 19:31:42,-2.24,86,clear sky
2025-03-05 19:40:48,-2.24,86,clear sky
2025-03-05 19:50:04,-2.24,86,clear sky
2025-03-05 19:59:06,-2.24,86,clear sky
2025-03-05 20:25:44,-1.24,80,clear sky
2025-03-05 20:39:10,-1.24,80,clear sky
2025-03-05 20:48:32,-1.24,80,clear sky
2025-03-05 20:57:54,-1.24,80,clear sky
2025-03-05 21:19:23,1.39,56,clear sky
2025-03-05 21:30:45,-3.24,86,clear sky
2025-03-05 21:40:15,-3.24,86,clear sky
2025-03-05 21:49:22,-3.24,86,clear sky
2025-03-05 21:58:34,-3.24,86,clear sky
2025-03-05 22:21:09,-1.24,86,clear sky
2025-03-05 22:36:47,-1.24,86,clear sky
2025-03-05 22:46:07,-1.24,86,clear sky
2025-03-05 22:55:06,-1.24,86,clear sky
2025-03-05 23:14:16,1.59,57,clear sky
2025-03-05 23:29:33,-0.24,80,clear sky
2025-03-05 23:40:35,-0.24,80,clear sky
2025-03-05 23:49:28,-0.24,80,clear sky
2025-03-05 23:58:35,-0.24,80,clear sky
2025-03-06 01:47:44,3.76,65,clear sky
2025-03-06 02:46:30,5.76,56,clear sky
2025-03-06 03:17:25,6.76,53,clear sky
2025-03-06 03:41:04,6.76,53,clear sky
2025-03-06 03:51:16,6.76,53,clear sky
2025-03-06 04:00:08,6.76,53,clear sky
2025-03-06 04:29:44,7.76,46,clear sky
2025-03-06 04:45:29,7.76,46,clear sky
2025-03-06 04:54:24,7.76,46,clear sky
2025-03-06 05:13:42,8.76,40,clear sky
2025-03-06 05:32:22,8.76,40,clear sky
2025-03-06 05:44:10,8.76,40,clear sky
2025-03-06 05:52:58,8.76,40,clear sky
2025-03-06 06:15:06,8.19,33,clear sky
2025-03-06 06:40:55,8.76,40,clear sky
2025-03-06 06:52:06,8.76,40,clear sky
2025-03-06 07:09:19,8.76,40,clear sky
2025-03-06 07:28:21,9.76,37,clear sky
2025-03-06 07:41:25,9.76,37,clear sky
2025-03-06 07:50:41,9.76,37,clear sky
2025-03-06 07:59:51,9.76,37,clear sky
2025-03-06 08:30:29,8.76,40,clear sky
2025-03-06 08:46:23,8.76,40,clear sky
2025-03-06 08:55:27,8.76,40,clear sky
2025-03-06 09:16:38,6.76,53,clear sky
2025-03-06 09:32:43,6.76,53,clear sky
2025-03-06 09:42:51,6.76,53,clear sky
2025-03-06 09:52:03,6.76,53,clear sky
2025-03-06 10:09:50,7.77,30,scattered clouds
2025-03-06 10:34:28,5.76,45,clear sky
2025-03-06 10:46:30,5.76,45,clear sky
2025-03-06 10:55:37,5.76,45,clear sky
2025-03-06 11:13:05,4.76,45,clear sky
2025-03-06 11:26:07,4.76,45,clear sky
2025-03-06 11:36:50,4.76,45,clear sky
2025-03-06 11:46:08,4.76,45,clear sky
2025-03-06 11:54:59,4.76,45,clear sky
2025-03-06 12:29:13,2.76,52,clear sky
2025-03-06 13:01:52,2.76,52,clear sky
2025-03-06 13:31:12,2.76,52,clear sky
2025-03-06 13:42:56,2.76,52,clear sky
2025-03-06 13:52:08,2.76,52,clear sky
2025-03-06 14:08:48,2.76,52,clear sky
2025-03-06 14:31:42,-0.24,64,clear sky
2025-03-06 14:44:16,-0.24,64,clear sky
2025-03-06 14:53:33,-0.24,64,clear sky
2025-03-06 15:12:24,4.07,38,clear sky
2025-03-06 15:30:54,0.76,60,clear sky
2025-03-06 15:44:00,0.76,60,clear sky
2025-03-06 15:53:19,0.76,60,clear sky
2025-03-06 16:13:42,3.49,41,clear sky
2025-03-06 16:38:31,-1.24,74,clear sky
2025-03-06 16:52:05,-1.24,74,clear sky
2025-03-06 17:08:10,-1.24,74,clear sky
2025-03-06 17:28:36,-2.24,86,clear sky
2025-03-06 17:40:32,-2.24,86,clear sky
2025-03-06 17:49:38,-2.24,86,clear sky
2025-03-06 17:58:43,-2.24,86,clear sky
2025-03-06 18:30:51,-2.24,86,clear sky
2025-03-06 18:47:07,-2.24,86,clear sky
2025-03-06 18:56:16,-2.24,86,clear sky
2025-03-06 19:13:29,2.76,40,clear sky
2025-03-06 19:24:34,-3.24,86,clear sky
2025-03-06 19:35:19,2.76,40,clear sky
2025-03-06 19:44:14,-3.24,86,mist
2025-03-06 19:53:32,-3.24,86,mist
2025-03-06 20:12:49,2.43,40,clear sky
2025-03-06 20:30:36,2.43,40,clear sky
2025-03-06 20:42:19,-2.24,86,mist
2025-03-06 20:51:32,-2.24,86,mist
2025-03-06 21:07:10,-2.24,86,mist
2025-03-06 21:25:23,-3.24,93,clear sky
2025-03-06 21:35:44,-3.24,93,mist
2025-03-06 21:44:49,-3.24,93,mist
2025-03-06 21:53:55,-3.24,93,mist
2025-03-06 22:11:33,1.82,43,clear sky
2025-03-06 22:31:29,-2.24,93,clear sky
2025-03-06 22:42:38,-2.24,93,mist
2025-03-06 22:51:59,-2.24,93,mist
2025-03-06 23:08:36,2.18,45,clear sky
2025-03-06 23:26:12,2.18,45,clear sky
2025-03-06 23:36:43,-1.24,86,mist
2025-03-06 23:45:45,-1.24,86,mist
2025-03-06 23:54:53,-1.24,86,mist
2025-03-07 01:09:19,3.76,60,mist
2025-03-07 02:35:28,7.76,39,haze
2025-03-07 03:15:41,8.76,37,overcast clouds
2025-03-07 03:41:22,8.76,37,haze
2025-03-07 03:51:31,8.76,37,haze
2025-03-07 04:09:52,9.76,34,clear sky
2025-03-07 04:32:21,9.76,34,clear sky
2025-03-07 04:45:18,9.76,34,clear sky
2025-03-07 04:54:31,9.76,34,clear sky
2025-03-07 05:13:53,8.44,28,overcast clouds
2025-03-07 05:32:23,9.76,32,clear sky
2025-03-07 05:43:04,9.76,32,clear sky
2025-03-07 05:52:15,9.76,32,clear sky
2025-03-07 06:13:15,8.36,26,overcast clouds
2025-03-07 06:39:58,9.76,34,clear sky
2025-03-07 06:51:20,9.76,34,clear sky
2025-03-07 07:00:58,9.76,34,clear sky
2025-03-07 07:23:04,9.76,32,clear sky
2025-03-07 07:33:13,9.76,32,clear sky
2025-03-07 07:42:19,7.87,27,overcast clouds
2025-03-07 07:51:34,9.76,32,clear sky
2025-03-07 08:10:41,9.76,32,clear sky
2025-03-07 08:33:45,7.76,42,clear sky
2025-03-07 08:47:19,7.76,42,clear sky
2025-03-07 08:56:35,7.15,28,overcast clouds
2025-03-07 09:18:37,7.15,28,overcast clouds
2025-03-07 09:33:08,5.76,52,clear sky
2025-03-07 09:42:28,5.76,52,clear sky
2025-03-07 09:51:44,5.76,52,clear sky
2025-03-07 10:08:52,6.62,29,overcast clouds
2025-03-07 10:33:04,3.76,65,clear sky
2025-03-07 10:45:08,3.76,65,clear sky
2025-03-07 10:54:30,3.76,65,clear sky
2025-03-07 11:11:24,6.18,30,overcast clouds
2025-03-07 11:25:10,3.76,65,clear sky
2025-03-07 11:36:17,3.76,65,clear sky
2025-03-07 11:45:11,3.76,65,clear sky
2025-03-07 11:54:10,3.76,65,clear sky
2025-03-07 12:24:29,2.76,60,clear sky
2025-03-07 12:58:11,2.76,60,clear sky
2025-03-07 13:27:08,2.76,70,clear sky
2025-03-07 13:40:36,2.76,70,clear sky
2025-03-07 13:49:30,2.76,70,clear sky
2025-03-07 13:58:24,2.76,70,clear sky
2025-03-07 14:20:24,2.76,70,clear sky
2025-03-07 14:36:40,2.76,70,clear sky
2025-03-07 14:45:49,2.76,70,clear sky
2025-03-07 14:54:49,2.76,70,clear sky
2025-03-07 15:14:44,5.31,36,overcast clouds
2025-03-07 15:31:30,2.76,70,broken clouds
2025-03-07 15:42:08,2.76,70,broken clouds
2025-03-07 15:51:12,2.76,70,broken clouds
2025-03-07 16:00:19,2.76,70,broken clouds
2025-03-07 16:30:05,0.76,86,broken clouds
2025-03-07 16:46:28,0.76,86,broken clouds
2025-03-07 16:55:43,0.76,86,broken clouds
2025-03-07 17:13:51,0.76,86,broken clouds
2025-03-07 17:30:04,1.76,75,broken clouds
2025-03-07 17:40:25,1.76,75,broken clouds
2025-03-07 17:49:31,1.76,75,broken clouds
2025-03-07 17:58:40,1.76,75,broken clouds
2025-03-07 18:30:21,2.76,70,overcast clouds
2025-03-07 18:46:20,2.76,70,broken clouds
2025-03-07 18:55:15,2.76,70,broken clouds
2025-03-07 19:12:07,4.1,44,overcast clouds
2025-03-07 19:23:36,4.1,44,overcast clouds
2025-03-07 19:34:20,1.76,87,overcast clouds
2025-03-07 19:43:30,1.76,87,haze
2025-03-07 19:52:38,1.76,87,haze
2025-03-07 20:11:12,1.76,87,haze
2025-03-07 20:29:47,3.9,48,overcast clouds
2025-03-07 20:39:12,0.76,93,haze
2025-03-07 20:48:36,0.76,93,haze
2025-03-07 20:57:30,0.76,93,haze
2025-03-07 21:16:07,3.61,51,overcast clouds
2025-03-07 21:26:15,0.76,93,mist
2025-03-07 21:35:45,0.76,93,mist
2025-03-07 21:44:35,0.76,93,mist
2025-03-07 21:53:45,0.76,93,mist
2025-03-07 22:10:03,0.76,93,mist
2025-03-07 22:26:14,3.51,54,overcast clouds
2025-03-07 22:35:26,-0.24,93,mist
2025-03-07 22:44:33,-0.24,93,mist
2025-03-07 22:53:32,-0.24,93,mist
2025-03-07 23:09:47,3.67,53,overcast clouds
2025-03-07 23:22:00,3.67,53,overcast clouds
2025-03-07 23:31:14,0.76,93,broken clouds
2025-03-07 23:40:22,0.76,93,broken clouds
2025-03-07 23:49:33,0.76,93,broken clouds
2025-03-07 23:58:30,0.76,93,broken clouds
2025-03-08 01:19:55,5.76,56,clear sky
2025-03-08 02:05:25,5.76,56,clear sky
2025-03-08 02:34:36,8.76,40,clear sky
2025-03-08 02:47:06,8.76,40,clear sky
2025-03-08 02:56:09,8.76,40,clear sky
2025-03-08 03:15:34,6.5,36,overcast clouds
2025-03-08 03:29:18,8.76,34,clear sky
2025-03-08 03:38:36,8.76,34,clear sky
2025-03-08 03:47:46,8.76,34,clear sky
2025-03-08 03:56:54,8.76,34,clear sky
2025-03-08 04:17:41,7.19,35,overcast clouds
2025-03-08 04:29:38,9.76,29,clear sky
2025-03-08 04:38:55,9.76,29,clear sky
2025-03-08 04:48:03,9.76,29,clear sky
2025-03-08 04:57:24,9.76,29,clear sky
2025-03-08 05:15:15,7.78,34,overcast clouds
2025-03-08 05:27:55,9.76,25,clear sky
2025-03-08 05:37:01,9.76,25,clear sky
2025-03-08 05:46:15,9.76,25,clear sky
2025-03-08 05:55:11,9.76,25,clear sky
2025-03-08 06:16:30,7.99,36,broken clouds
2025-03-08 06:34:06,9.76,29,clear sky
2025-03-08 06:43:12,9.76,29,clear sky
2025-03-08 06:52:41,9.76,29,clear sky
2025-03-08 07:07:22,9.76,29,clear sky
2025-03-08 07:21:30,7.99,35,few clouds
2025-03-08 07:30:27,8.76,46,clear sky
2025-03-08 07:39:18,8.76,46,clear sky
2025-03-08 07:48:36,8.76,46,clear sky
2025-03-08 07:57:38,8.76,46,clear sky
2025-03-08 08:20:16,7.4,42,few clouds
2025-03-08 08:30:22,7.76,49,clear sky
2025-03-08 08:39:37,7.76,49,clear sky
2025-03-08 08:48:37,7.76,49,clear sky
2025-03-08 08:57:47,7.76,49,clear sky
2025-03-08 09:16:33,6.58,49,few clouds
2025-03-08 09:26:22,6.76,57,clear sky
2025-03-08 09:36:21,6.76,57,clear sky
2025-03-08 09:45:18,6.76,57,clear sky
2025-03-08 09:54:14,6.76,57,clear sky
2025-03-08 10:11:21,6.76,57,clear sky
2025-03-08 10:26:59,4.76,70,clear sky
2025-03-08 10:36:56,4.76,70,clear sky
2025-03-08 10:45:57,4.76,70,clear sky
2025-03-08 10:55:08,4.76,70,clear sky
2025-03-08 11:10:50,4.76,70,clear sky
2025-03-08 11:19:58,5.56,59,few clouds
2025-03-08 11:29:00,3.76,75,clear sky
2025-03-08 11:38:15,3.76,75,clear sky
2025-03-08 11:47:30,3.76,75,clear sky
2025-03-08 11:56:30,3.76,75,clear sky
2025-03-08 12:25:50,3.76,81,clear sky
2025-03-08 12:47:42,3.76,81,clear sky
2025-03-08 12:58:07,3.76,81,clear sky
2025-03-08 13:18:44,5.08,65,clear sky
2025-03-08 13:27:39,2.76,93,clear sky
2025-03-08 13:36:55,2.76,93,clear sky
2025-03-08 13:45:50,2.76,93,clear sky
2025-03-08 13:54:58,2.76,93,clear sky
2025-03-08 14:10:12,4.82,69,clear sky
2025-03-08 14:23:35,0.76,100,mist
2025-03-08 14:33:20,0.76,100,mist
2025-03-08 14:42:13,0.76,100,mist
2025-03-08 14:51:18,0.76,100,mist
2025-03-08 15:00:31,0.76,100,mist
2025-03-08 15:19:11,4.42,71,clear sky
2025-03-08 15:28:05,0.76,100,mist
2025-03-08 15:37:19,0.76,100,mist
2025-03-08 15:46:20,0.76,100,mist
2025-03-08 15:55:15,0.76,100,mist
2025-03-08 16:14:29,0.76,100,mist
2025-03-08 16:29:11,-0.24,100,mist
2025-03-08 16:38:03,-0.24,100,mist
2025-03-08 16:47:19,-0.24,100,mist
2025-03-08 16:56:30,-0.24,100,mist
2025-03-08 17:52:07,-1.24,100,mist
2025-03-08 18:08:39,-1.24,100,mist
2025-03-08 18:27:42,-0.24,93,mist
2025-03-08 18:42:50,-0.24,93,mist
2025-03-08 18:46:16,-1.24,100,mist
2025-03-08 18:55:14,-1.24,100,mist
2025-03-08 19:11:14,-1.24,100,mist
2025-03-08 19:20:11,-2.24,100,mist
2025-03-08 19:29:00,-2.24,100,mist
2025-03-08 19:38:12,-2.24,100,mist
2025-03-08 19:47:18,-2.24,100,mist
2025-03-08 19:56:17,-2.24,100,mist
2025-03-08 20:14:18,3.2,76,clear sky
2025-03-08 20:24:31,-2.24,100,mist
2025-03-08 20:34:34,-2.24,100,mist
2025-03-08 20:43:21,-2.24,100,mist
2025-03-08 20:52:28,-2.24,100,mist
2025-03-08 21:06:15,-2.24,100,mist
2025-03-08 21:20:35,3.06,77,clear sky
2025-03-08 21:29:24,3.06,77,clear sky
2025-03-08 21:39:00,-2.24,100,fog
2025-03-08 21:48:01,-2.24,100,fog
2025-03-08 21:57:05,-2.24,100,fog
2025-03-08 22:14:17,-2.24,100,fog
2025-03-08 22:26:32,-3.24,100,fog
2025-03-08 22:36:10,-3.24,100,fog
2025-03-08 22:45:03,-3.24,100,fog
2025-03-08 22:54:17,-3.24,100,fog
2025-03-08 23:11:14,-2.24,100,fog
2025-03-08 23:23:26,-2.24,100,fog
2025-03-08 23:32:51,-1.24,100,fog
2025-03-08 23:41:52,-1.24,100,fog
2025-03-08 23:50:45,-1.24,100,fog
2025-03-08 23:59:50,0.76,100,mist
2025-03-09 01:38:05,6.76,76,mist
2025-03-09 02:22:57,7.76,66,haze
2025-03-09 02:45:51,7.76,66,haze
2025-03-09 02:54:51,7.76,66,haze
2025-03-09 03:13:09,7.76,66,haze
2025-03-09 03:28:38,9.76,57,haze
2025-03-09 03:38:04,9.76,57,haze
2025-03-09 03:47:12,9.76,57,haze
2025-03-09 03:56:17,9.76,57,haze
2025-03-09 04:16:13,9.76,57,haze
2025-03-09 04:29:34,10.76,43,clear sky
2025-03-09 04:38:37,10.76,43,clear sky
2025-03-09 04:47:47,10.76,43,clear sky
2025-03-09 04:56:49,10.76,43,clear sky
2025-03-09 05:14:22,10.76,43,clear sky
2025-03-09 05:26:36,10.76,46,clear sky
2025-03-09 05:36:44,10.76,46,clear sky
2025-03-09 05:45:25,10.76,46,clear sky
2025-03-09 05:54:36,10.76,46,clear sky
2025-03-09 06:15:04,10.61,35,scattered clouds
2025-03-09 06:31:24,11.76,43,clear sky
2025-03-09 06:40:35,11.76,43,clear sky
2025-03-09 06:49:38,11.76,43,clear sky
2025-03-09 06:58:51,11.76,43,clear sky
2025-03-09 07:16:27,10.83,35,clear sky
2025-03-09 07:25:40,11.76,47,clear sky
2025-03-09 07:36:01,11.76,47,clear sky
2025-03-09 07:44:46,11.76,47,clear sky
2025-03-09 07:53:57,11.76,47,clear sky
2025-03-09 08:13:45,10.59,37,clear sky
2025-03-09 08:28:41,10.59,37,clear sky
2025-03-09 08:37:41,10.76,54,clear sky
2025-03-09 08:46:45,10.76,54,clear sky
2025-03-09 08:55:38,10.76,54,clear sky
2025-03-09 09:12:33,10.76,54,clear sky
2025-03-09 09:24:43,9.97,40,clear sky
2025-03-09 09:34:37,8.76,61,few clouds
2025-03-09 09:43:35,8.76,61,few clouds
2025-03-09 09:52:40,8.76,61,few clouds
2025-03-09 10:08:16,9.15,44,clear sky
2025-03-09 10:30:17,5.76,75,clear sky
2025-03-09 10:39:34,5.76,75,haze
2025-03-09 10:48:39,5.76,75,haze
2025-03-09 10:57:49,5.76,75,haze
2025-03-09 11:14:12,5.76,75,haze
2025-03-09 11:23:07,3.76,87,clear sky
2025-03-09 11:32:36,3.76,87,haze
2025-03-09 11:41:35,3.76,87,haze
2025-03-09 11:50:48,3.76,87,haze
2025-03-09 11:59:54,3.76,87,haze
2025-03-09 12:34:45,2.76,87,mist
2025-03-09 12:50:58,2.76,87,mist
2025-03-09 13:00:11,2.76,87,mist
2025-03-09 13:21:39,7.39,51,clear sky
2025-03-09 13:30:46,2.76,93,mist
2025-03-09 13:40:03,2.76,93,mist
2025-03-09 13:49:26,2.76,93,mist
2025-03-09 13:58:43,2.76,93,mist
2025-03-09 14:16:21,6.86,53,clear sky
2025-03-09 14:27:20,1.76,100,mist
2025-03-09 14:36:04,1.76,100,mist
2025-03-09 14:45:14,1.76,100,mist
2025-03-09 14:54:05,1.76,100,mist
2025-03-09 15:11:12,6.4,54,clear sky
2025-03-09 15:25:03,0.76,100,mist
2025-03-09 15:34:17,0.76,100,mist
2025-03-09 15:43:20,0.76,100,mist
2025-03-09 15:52:41,0.76,100,mist
2025-03-09 16:09:08,0.76,100,mist
2025-03-09 16:27:32,0.76,93,mist
2025-03-09 16:37:38,0.76,93,mist
2025-03-09 16:46:28,0.76,93,mist
2025-03-09 16:55:21,0.76,93,mist
2025-03-09 17:10:26,5.66,57,clear sky
2025-03-09 17:25:22,5.66,57,clear sky
2025-03-09 17:35:06,-0.24,100,mist
2025-03-09 17:43:57,-0.24,100,mist
2025-03-09 17:52:53,-0.24,100,mist
2025-03-09 18:10:09,5.3,58,few clouds
2025-03-09 18:27:43,-1.24,100,mist
2025-03-09 18:37:33,-1.24,100,mist
2025-03-09 18:46:26,-1.24,100,mist
2025-03-09 18:55:16,-1.24,100,mist
2025-03-09 19:09:12,-1.24,100,mist
2025-03-09 19:18:15,5.12,56,broken clouds
2025-03-09 19:27:25,-2.24,100,mist
2025-03-09 19:36:32,-2.24,100,mist
2025-03-09 19:45:41,-2.24,100,mist
2025-03-09 19:54:38,-1.24,100,fog
2025-03-09 20:12:03,-1.24,100,fog
2025-03-09 20:26:35,-0.24,93,fog
2025-03-09 20:35:41,-0.24,93,fog
2025-03-09 20:44:52,-2.24,100,fog
2025-03-09 20:53:55,-2.24,100,fog
2025-03-09 21:10:04,-2.24,100,fog
2025-03-09 21:23:01,-2.24,100,fog
2025-03-09 21:33:27,-2.24,100,fog
2025-03-09 21:42:20,-2.24,100,fog
2025-03-09 21:51:18,-2.24,100,fog
2025-03-09 22:00:11,-2.24,100,fog
2025-03-09 22:19:37,-2.24,100,fog
2025-03-09 22:28:58,-2.24,100,fog
2025-03-09 22:38:07,-2.24,100,fog
2025-03-09 22:47:10,-2.24,100,fog
2025-03-09 22:56:22,-2.24,100,fog
2025-03-09 23:12:52,-2.24,100,fog
2025-03-09 23:22:37,5.04,54,scattered clouds
2025-03-09 23:31:47,-0.24,100,mist
2025-03-09 23:40:59,-0.24,100,mist
2025-03-09 23:49:55,-0.24,100,mist
2025-03-09 23:59:09,-0.24,100,mist
2025-03-10 01:34:57,8.76,66,haze
2025-03-10 02:23:52,9.42,37,few clouds
2025-03-10 02:45:42,10.76,54,haze
2025-03-10 02:54:38,10.76,54,haze
2025-03-10 03:13:44,10.76,54,haze
2025-03-10 03:28:56,12.76,47,haze
2025-03-10 03:38:21,12.76,47,haze
2025-03-10 03:47:46,12.76,47,haze
2025-03-10 03:56:51,12.76,47,haze
2025-03-10 04:18:08,11.4,34,clear sky
2025-03-10 04:31:47,13.76,38,haze
2025-03-10 04:41:08,13.76,38,haze
2025-03-10 04:50:21,13.76,38,haze
2025-03-10 04:59:16,13.76,38,haze
2025-03-10 05:19:21,11.85,34,clear sky
2025-03-10 05:29:26,13.76,38,clear sky
2025-03-10 05:38:40,13.76,38,haze
2025-03-10 05:47:49,13.76,38,haze
2025-03-10 05:56:53,13.76,38,haze
2025-03-10 06:22:22,11.62,36,clear sky
2025-03-10 06:37:09,12.76,41,haze
2025-03-10 06:46:21,12.76,41,haze
2025-03-10 06:55:18,12.76,41,haze
2025-03-10 07:13:43,11.18,39,clear sky
2025-03-10 07:26:01,12.76,38,clear sky
2025-03-10 07:36:42,12.76,38,haze
2025-03-10 07:45:35,12.76,38,haze
2025-03-10 07:54:27,12.76,38,haze
2025-03-10 08:15:24,12.76,38,haze
2025-03-10 08:31:26,11.76,40,clear sky
2025-03-10 08:41:15,11.76,40,haze
2025-03-10 08:50:24,11.76,40,haze
2025-03-10 08:59:26,11.76,40,haze
2025-03-10 09:21:45,9.42,45,clear sky
2025-03-10 09:30:55,9.76,46,clear sky
2025-03-10 09:39:47,9.76,46,haze
2025-03-10 09:48:59,9.76,46,haze
2025-03-10 09:58:03,9.76,46,haze
2025-03-10 10:19:44,8.68,48,clear sky
2025-03-10 10:33:49,6.76,65,haze
2025-03-10 10:43:00,6.76,65,haze
2025-03-10 10:52:18,6.76,65,haze
2025-03-10 11:06:48,6.76,65,haze
2025-03-10 11:20:51,8.18,51,clear sky
2025-03-10 11:29:52,8.18,51,clear sky
2025-03-10 11:39:08,5.76,70,haze
2025-03-10 11:48:25,5.76,70,haze
2025-03-10 11:57:33,5.76,70,haze
2025-03-10 12:40:40,4.76,75,haze
2025-03-10 13:13:11,7.41,54,clear sky
2025-03-10 13:36:22,3.76,75,haze
2025-03-10 13:47:03,3.76,75,haze
2025-03-10 13:56:15,3.76,75,haze
2025-03-10 14:17:10,6.9,57,clear sky
2025-03-10 14:37:31,0.76,93,haze
2025-03-10 14:48:41,0.76,93,haze
2025-03-10 14:56:53,0.76,93,haze
2025-03-10 15:20:50,0.76,100,mist
2025-03-10 15:34:00,0.76,100,mist
2025-03-10 15:42:58,0.76,100,mist
2025-03-10 15:52:18,0.76,100,mist
2025-03-10 16:09:45,0.76,100,mist
2025-03-10 16:34:11,0.76,93,mist
2025-03-10 16:50:42,0.76,93,mist
2025-03-10 16:59:52,0.76,93,mist
2025-03-10 17:22:34,5.79,61,clear sky
2025-03-10 17:36:39,-0.24,100,mist
2025-03-10 17:46:00,-0.24,100,mist
2025-03-10 17:54:55,-0.24,100,mist
2025-03-10 18:18:40,5.49,61,clear sky
2025-03-10 18:40:26,-0.24,100,mist
2025-03-10 18:50:59,-0.24,100,mist
2025-03-10 19:00:02,-0.24,100,mist
2025-03-10 19:19:46,5.24,60,overcast clouds
2025-03-10 19:29:10,-1.24,100,mist
2025-03-10 19:39:03,-1.24,100,mist
2025-03-10 19:48:02,-1.24,100,mist
2025-03-10 19:57:09,-1.24,100,mist
2025-03-10 20:20:58,-0.24,100,mist
2025-03-10 20:35:37,-0.24,100,mist
2025-03-10 20:44:49,-0.24,100,mist
2025-03-10 20:53:49,-0.24,100,mist
2025-03-10 21:11:27,-0.24,100,mist
2025-03-10 21:27:24,-0.24,100,mist
2025-03-10 21:37:47,-0.24,100,mist
2025-03-10 21:47:05,-0.24,100,mist
2025-03-10 21:55:55,-0.24,100,mist
2025-03-10 22:15:33,-0.22,86,mist
2025-03-10 22:33:20,-0.24,100,mist
2025-03-10 22:43:17,-0.24,100,mist
2025-03-10 22:52:28,-0.24,100,mist
2025-03-10 23:09:06,5.35,58,overcast clouds
2025-03-10 23:26:22,0.76,100,mist
2025-03-10 23:36:55,0.76,100,mist
2025-03-10 23:46:09,0.76,100,mist
2025-03-10 23:55:01,0.76,100,mist
2025-03-11 01:10:01,5.76,81,mist
2025-03-11 02:35:37,11.76,47,haze
2025-03-11 03:15:58,10.81,31,scattered clouds
2025-03-11 03:41:34,12.76,47,haze
2025-03-11 03:52:09,12.76,47,haze
2025-03-11 04:11:02,12.01,28,scattered clouds
2025-03-11 04:33:33,13.76,44,clear sky
2025-03-11 04:46:44,13.76,44,clear sky
2025-03-11 04:55:51,13.76,44,clear sky
2025-03-11 05:15:57,12.65,26,few clouds
2025-03-11 05:32:58,14.76,41,clear sky
2025-03-11 05:42:56,14.76,41,clear sky
2025-03-11 05:52:03,14.76,41,clear sky
2025-03-11 06:12:46,13.46,24,few clouds
2025-03-11 06:39:53,14.76,38,clear sky
2025-03-11 06:51:57,14.76,38,clear sky
2025-03-11 07:08:41,14.76,38,clear sky
2025-03-11 07:25:59,13.76,47,clear sky
2025-03-11 07:36:19,13.76,47,clear sky
2025-03-11 07:45:22,13.76,47,clear sky
2025-03-11 07:54:40,13.76,47,clear sky
2025-03-11 08:18:35,13.48,26,clear sky
2025-03-11 08:39:16,12.76,50,clear sky
2025-03-11 08:51:17,12.76,50,clear sky
2025-03-11 09:00:42,12.76,50,clear sky
2025-03-11 09:26:30,10.76,54,clear sky
2025-03-11 09:39:28,10.76,54,clear sky
2025-03-11 09:48:40,10.76,54,clear sky
2025-03-11 09:57:59,10.76,54,clear sky
2025-03-11 10:23:10,8.76,61,clear sky
2025-03-11 10:40:54,8.76,61,clear sky
2025-03-11 10:50:14,8.76,61,clear sky
2025-03-11 10:59:11,8.76,61,clear sky
2025-03-11 11:19:46,6.76,65,clear sky
2025-03-11 11:29:07,6.76,65,clear sky
2025-03-11 11:39:34,6.76,65,clear sky
2025-03-11 11:48:46,6.76,65,clear sky
2025-03-11 11:57:55,6.76,65,clear sky
2025-03-11 12:41:50,5.76,70,clear sky
2025-03-11 13:13:36,5.76,70,clear sky
2025-03-11 13:35:56,4.76,75,clear sky
2025-03-11 13:46:01,4.76,75,clear sky
2025-03-11 13:54:59,4.76,75,clear sky
2025-03-11 14:15:13,9.26,44,overcast clouds
2025-03-11 14:36:37,4.76,81,clear sky
2025-03-11 14:47:15,4.76,81,clear sky
2025-03-11 14:56:27,4.76,81,clear sky
2025-03-11 15:19:51,8.83,45,overcast clouds
2025-03-11 15:37:10,3.76,87,clear sky
2025-03-11 15:46:55,3.76,87,clear sky
2025-03-11 15:55:56,3.76,87,clear sky
2025-03-11 16:22:14,8.33,46,overcast clouds
2025-03-11 16:43:45,3.76,93,clear sky
2025-03-11 16:54:38,3.76,93,clear sky
2025-03-11 17:12:55,7.84,48,overcast clouds
2025-03-11 17:31:38,3.76,93,clear sky
2025-03-11 17:42:41,3.76,93,clear sky
2025-03-11 17:51:45,3.76,93,clear sky
2025-03-11 18:11:36,3.76,93,clear sky
2025-03-11 18:39:03,3.76,93,mist
2025-03-11 18:51:36,3.76,93,mist
2025-03-11 19:04:58,3.76,93,mist
2025-03-11 19:22:35,4.76,81,overcast clouds
2025-03-11 19:32:28,4.76,81,mist
2025-03-11 19:41:26,4.76,81,mist
2025-03-11 19:50:37,4.76,81,mist
2025-03-11 19:59:46,4.76,81,mist
2025-03-11 20:26:22,4.76,93,overcast clouds
2025-03-11 20:39:30,4.76,93,mist
2025-03-11 20:48:39,4.76,93,mist
2025-03-11 20:57:33,4.76,93,mist
2025-03-11 21:15:26,4.76,93,mist
2025-03-11 21:24:57,3.76,93,mist
2025-03-11 21:35:44,3.76,93,mist
2025-03-11 21:44:38,3.76,93,mist
2025-03-11 21:53:46,3.76,93,mist
2025-03-11 22:11:20,3.76,93,mist
2025-03-11 22:31:09,4.76,93,overcast clouds
2025-03-11 22:42:43,4.76,93,mist
2025-03-11 22:51:58,4.76,93,mist
2025-03-11 23:08:07,4.76,93,mist
2025-03-11 23:25:26,7.61,50,overcast clouds
2025-03-11 23:35:40,6.76,76,mist
2025-03-11 23:44:35,6.76,76,mist
2025-03-11 23:53:29,6.76,76,mist
2025-03-12 00:55:18,8.76,66,haze
2025-03-12 02:19:22,9.76,57,overcast clouds
2025-03-12 03:04:23,9.76,57,haze
2025-03-12 03:34:47,11.76,47,haze
2025-03-12 03:48:59,11.76,47,haze
2025-03-12 03:58:03,11.76,47,haze
2025-03-12 04:25:47,11.78,40,haze
2025-03-12 04:43:35,10.76,54,haze
2025-03-12 04:52:53,10.76,54,haze
2025-03-12 05:10:45,10.33,52,overcast clouds
2025-03-12 05:31:04,9.76,57,overcast clouds
2025-03-12 05:42:31,9.76,57,haze
2025-03-12 05:51:39,9.76,57,haze
2025-03-12 06:11:47,9.76,57,haze
2025-03-12 06:39:26,9.76,71,overcast clouds
2025-03-12 06:52:45,9.76,71,overcast clouds
2025-03-12 07:10:14,9.76,71,overcast clouds
2025-03-12 07:27:56,7.76,100,mist
2025-03-12 07:39:04,7.76,100,mist
2025-03-12 07:48:11,7.76,100,mist
2025-03-12 07:57:07,7.76,100,mist
2025-03-12 08:26:26,7.76,100,light intensity drizzle
2025-03-12 08:44:45,7.76,100,light intensity drizzle
2025-03-12 08:54:13,7.76,100,light intensity drizzle
2025-03-12 09:14:06,8.78,87,mist
2025-03-12 09:32:01,6.76,100,mist
2025-03-12 09:42:55,6.76,100,mist
2025-03-12 09:52:10,6.76,100,mist
2025-03-12 10:09:42,6.76,100,mist
2025-03-12 10:33:33,6.76,100,mist
2025-03-12 10:45:56,6.76,100,mist
2025-03-12 10:55:00,6.76,100,mist
2025-03-12 11:12:22,7.87,86,overcast clouds
2025-03-12 11:25:52,6.76,100,mist
2025-03-12 11:36:13,6.76,100,mist
2025-03-12 11:45:37,6.76,100,mist
2025-03-12 11:54:46,6.76,100,mist
2025-03-12 12:28:17,6.76,100,mist
2025-03-12 13:02:18,6.76,100,mist
2025-03-12 13:32:22,5.76,100,mist
2025-03-12 13:44:36,5.76,100,mist
2025-03-12 13:53:45,5.76,100,mist
2025-03-12 14:12:06,5.76,100,mist
2025-03-12 14:33:38,5.76,100,mist
2025-03-12 14:45:56,5.76,100,mist
2025-03-12 14:54:54,5.76,100,mist
2025-03-12 15:16:07,6.38,86,overcast clouds
2025-03-12 15:34:51,3.76,100,mist
2025-03-12 15:46:26,3.76,100,mist
2025-03-12 15:55:42,3.76,100,mist
2025-03-12 16:20:33,6.13,79,overcast clouds
2025-03-12 16:43:20,4.76,100,mist
2025-03-12 16:54:17,4.76,100,mist
2025-03-12 17:12:08,5.91,69,overcast clouds
2025-03-12 17:30:33,3.76,100,mist
2025-03-12 17:41:57,3.76,100,mist
2025-03-12 17:51:09,3.76,100,mist
2025-03-12 18:00:02,3.76,100,mist
2025-03-12 18:33:53,2.76,100,mist
2025-03-12 18:49:28,2.76,100,mist
2025-03-12 18:58:25,2.76,100,mist
2025-03-12 19:17:32,5.76,51,overcast clouds
2025-03-12 19:26:46,2.76,100,fog
2025-03-12 19:37:14,2.76,100,fog
2025-03-12 19:46:17,2.76,100,fog
2025-03-12 19:55:27,2.76,100,fog
2025-03-12 20:17:12,5.36,80,overcast clouds
2025-03-12 20:33:15,1.76,100,fog
2025-03-12 20:43:52,1.76,100,fog
2025-03-12 20:53:05,1.76,100,fog
2025-03-12 21:10:03,1.76,100,fog
2025-03-12 21:26:43,1.76,100,fog
2025-03-12 21:38:49,1.76,100,fog
2025-03-12 21:47:37,1.76,100,fog
2025-03-12 21:56:46,1.76,100,fog
2025-03-12 22:17:29,5.14,72,overcast clouds
2025-03-12 22:34:24,1.76,100,fog
2025-03-12 22:43:45,1.76,100,fog
2025-03-12 22:52:46,1.76,100,fog
2025-03-12 23:10:09,1.76,100,fog
2025-03-12 23:27:47,5.75,64,overcast clouds
2025-03-12 23:39:38,1.76,100,fog
2025-03-12 23:48:30,1.76,100,fog
2025-03-12 23:57:40,1.76,100,fog
2025-03-13 01:41:23,6.76,81,mist
2025-03-13 02:47:37,10.76,54,haze
2025-03-13 03:19:12,10.76,54,haze
2025-03-13 03:44:38,11.76,26,haze
2025-03-13 03:55:28,11.76,26,haze
2025-03-13 04:19:18,11.75,13,overcast clouds
2025-03-13 04:39:09,12.76,28,haze
2025-03-13 04:50:46,12.76,28,haze
2025-03-13 05:00:01,12.76,28,haze
2025-03-13 05:24:03,13.76,21,clear sky
2025-03-13 05:38:55,13.76,21,haze
2025-03-13 05:47:56,13.76,21,haze
2025-03-13 05:57:09,13.76,21,haze
2025-03-13 06:27:27,14.76,20,clear sky
2025-03-13 06:46:37,14.76,20,sand
2025-03-13 06:55:44,14.76,20,sand
2025-03-13 07:15:45,14.62,12,overcast clouds
2025-03-13 07:29:01,14.76,25,sand
2025-03-13 07:38:34,14.76,25,sand
2025-03-13 07:47:39,14.76,25,sand
2025-03-13 07:56:43,14.76,25,sand
2025-03-13 08:24:42,14.28,13,overcast clouds
2025-03-13 08:43:28,13.76,26,sand
2025-03-13 08:54:49,13.76,26,sand
2025-03-13 09:15:33,13.7,14,broken clouds
2025-03-13 09:32:29,11.76,30,clear sky
2025-03-13 09:44:29,11.76,30,clear sky
2025-03-13 09:53:37,11.76,30,clear sky
2025-03-13 10:13:20,12.56,16,broken clouds
2025-03-13 10:35:52,8.76,34,clear sky
2025-03-13 10:46:51,8.76,34,clear sky
2025-03-13 10:56:01,8.76,34,clear sky
2025-03-13 11:14:23,8.76,34,clear sky
2025-03-13 11:26:58,4.76,52,clear sky
2025-03-13 11:37:12,4.76,52,clear sky
2025-03-13 11:46:29,4.76,52,clear sky
2025-03-13 11:55:44,4.76,52,clear sky
2025-03-13 12:33:11,5.76,52,clear sky
2025-03-13 13:04:00,5.76,52,clear sky
2025-03-13 13:33:14,5.76,56,clear sky
2025-03-13 13:44:41,5.76,56,clear sky
2025-03-13 13:53:51,5.76,56,clear sky
2025-03-13 14:12:20,5.76,56,clear sky
2025-03-13 14:33:15,3.76,70,clear sky
2025-03-13 14:45:12,3.76,70,clear sky
2025-03-13 14:54:31,3.76,70,clear sky
2025-03-13 15:15:41,3.76,70,clear sky
2025-03-13 15:34:28,3.76,70,clear sky
2025-03-13 15:45:27,3.76,70,clear sky
2025-03-13 15:54:37,3.76,70,clear sky
2025-03-13 16:17:41,3.76,70,clear sky
2025-03-13 16:42:25,3.76,70,clear sky
2025-03-13 16:55:45,3.76,70,clear sky
2025-03-13 17:13:06,8.34,26,overcast clouds
2025-03-13 17:30:16,8.34,26,overcast clouds
2025-03-13 17:41:37,7.84,27,overcast clouds
2025-03-13 17:50:32,7.84,27,overcast clouds
2025-03-13 17:59:29,7.84,27,overcast clouds
2025-03-13 18:33:21,7.84,27,overcast clouds
2025-03-13 18:48:32,7.68,28,scattered clouds
2025-03-13 18:57:29,7.68,28,scattered clouds
2025-03-13 19:15:59,7.68,28,scattered clouds
2025-03-13 19:25:42,7.68,28,scattered clouds
2025-03-13 19:36:41,7.29,29,few clouds
2025-03-13 19:46:04,7.29,29,few clouds
2025-03-13 19:55:19,7.29,29,few clouds
2025-03-13 20:16:57,7.29,29,few clouds
2025-03-13 20:32:48,7.04,29,few clouds
2025-03-13 20:43:28,7.04,29,few clouds
2025-03-13 20:52:27,7.04,29,few clouds
2025-03-13 21:09:10,7.04,29,few clouds
2025-03-13 21:26:08,7.04,29,few clouds
2025-03-13 21:37:10,7.04,29,few clouds
2025-03-13 21:46:17,6.78,30,few clouds
2025-03-13 21:55:17,6.78,30,few clouds
2025-03-13 22:13:51,6.78,30,few clouds
2025-03-13 22:31:57,7.51,28,clear sky
2025-03-13 22:42:13,7.51,28,clear sky
2025-03-13 22:51:30,7.51,28,clear sky
2025-03-13 23:07:31,7.51,28,clear sky
2025-03-13 23:25:21,7.51,28,clear sky
2025-03-13 23:35:45,7.51,28,clear sky
2025-03-13 23:44:43,9.18,24,clear sky
2025-03-13 23:53:54,9.18,24,clear sky
2025-03-14 00:59:35,10.6,21,clear sky
2025-03-14 02:23:18,12.17,20,clear sky
2025-03-14 03:05:42,13.56,18,clear sky
2025-03-14 03:38:17,14.98,17,clear sky
2025-03-14 03:52:46,14.98,17,clear sky
2025-03-14 04:12:23,14.98,17,clear sky
2025-03-14 04:33:17,14.98,17,clear sky
2025-03-14 04:45:14,16.1,16,clear sky
2025-03-14 04:54:11,16.1,16,clear sky
2025-03-14 05:12:47,16.1,16,clear sky
2025-03-14 05:31:17,16.1,16,clear sky
2025-03-14 05:42:05,16.9,16,clear sky
2025-03-14 05:51:17,16.9,16,clear sky
2025-03-14 06:00:25,16.9,16,clear sky
2025-03-14 06:33:20,16.9,16,clear sky
2025-03-14 06:48:17,16.91,16,overcast clouds
2025-03-14 06:57:36,16.95,14,clear sky
2025-03-14 07:19:03,16.95,14,clear sky
2025-03-14 07:30:38,16.95,14,clear sky
2025-03-14 07:39:43,16.83,14,clear sky
2025-03-14 07:48:56,16.83,14,clear sky
2025-03-14 07:57:56,16.83,14,clear sky
2025-03-14 08:26:37,16.83,14,clear sky
2025-03-14 08:43:12,16.46,15,clear sky
2025-03-14 08:52:49,16.46,15,clear sky
2025-03-14 09:11:24,16.46,15,clear sky
2025-03-14 09:29:36,16.46,15,clear sky
2025-03-14 09:40:59,15.52,16,scattered clouds
2025-03-14 09:49:59,15.52,16,scattered clouds
2025-03-14 09:59:03,15.52,16,scattered clouds
2025-03-14 10:25:03,15.52,16,scattered clouds
2025-03-14 10:40:03,14.64,18,scattered clouds
2025-03-14 10:49:10,14.64,18,scattered clouds
2025-03-14 10:58:09,14.64,18,scattered clouds
2025-03-14 11:17:48,14.64,18,scattered clouds
2025-03-14 11:27:42,14.64,18,scattered clouds
2025-03-14 11:37:37,14.64,18,scattered clouds
2025-03-14 11:46:56,13.77,21,broken clouds
2025-03-14 11:55:50,13.77,21,broken clouds
2025-03-14 12:32:03,13.77,21,broken clouds
2025-03-14 13:01:20,13.05,23,overcast clouds
2025-03-14 13:29:27,13.05,23,overcast clouds
2025-03-14 13:41:32,10.76,40,clear sky
2025-03-14 13:50:50,10.76,40,clear sky
2025-03-14 14:00:05,10.76,40,clear sky
2025-03-14 14:23:35,12.51,25,overcast clouds
2025-03-14 14:38:06,8.76,46,clear sky
2025-03-14 14:47:19,8.76,46,clear sky
2025-03-14 14:56:19,8.76,46,clear sky
2025-03-14 15:18:15,11.94,30,overcast clouds
2025-03-14 15:34:00,8.76,49,clear sky
2025-03-14 15:44:49,8.76,49,clear sky
2025-03-14 15:53:56,8.76,49,clear sky
2025-03-14 16:15:07,11.48,36,overcast clouds
2025-03-14 16:38:34,8.76,46,clear sky
2025-03-14 16:50:18,8.76,46,clear sky
2025-03-14 16:59:15,8.76,46,clear sky
2025-03-14 17:18:29,11.08,40,overcast clouds
2025-03-14 17:30:36,11.08,40,overcast clouds
2025-03-14 17:40:31,8.76,46,clear sky
2025-03-14 17:49:44,8.76,46,clear sky
2025-03-14 17:59:05,8.76,46,clear sky
2025-03-14 18:31:26,7.76,49,clear sky
2025-03-14 18:46:37,7.76,49,clear sky
2025-03-14 18:55:55,7.76,49,clear sky
2025-03-14 19:13:55,7.76,49,clear sky
2025-03-14 19:27:07,6.76,57,clear sky
2025-03-14 19:37:11,6.76,57,clear sky
2025-03-14 19:46:11,6.76,57,clear sky
2025-03-14 19:55:06,6.76,57,clear sky
2025-03-14 20:15:46,10.08,46,overcast clouds
2025-03-14 20:31:34,10.76,46,clear sky
2025-03-14 20:42:15,10.76,46,clear sky
2025-03-14 20:51:45,10.76,46,clear sky
2025-03-14 21:06:48,10.76,46,clear sky
2025-03-14 21:26:22,9.76,50,clear sky
2025-03-14 21:38:00,9.76,50,clear sky
2025-03-14 21:47:07,9.76,50,clear sky
2025-03-14 21:56:29,9.76,50,clear sky
2025-03-14 22:16:09,9.01,50,overcast clouds
2025-03-14 22:33:03,9.76,43,clear sky
2025-03-14 22:42:40,9.76,43,clear sky
2025-03-14 22:51:55,9.76,43,clear sky
2025-03-14 23:08:25,9.76,43,clear sky
2025-03-14 23:28:15,8.73,53,overcast clouds
2025-03-14 23:39:42,10.76,40,clear sky
2025-03-14 23:48:43,10.76,40,clear sky
2025-03-14 23:57:43,10.76,40,clear sky
2025-03-15 01:39:07,11.76,32,clear sky
2025-03-15 02:43:12,11.27,44,broken clouds
2025-03-15 03:14:26,11.27,44,broken clouds
2025-03-15 03:40:03,14.76,25,clear sky
2025-03-15 03:51:01,14.76,25,clear sky
2025-03-15 03:59:57,14.76,25,clear sky
2025-03-15 04:27:11,15.76,23,clear sky
2025-03-15 04:40:45,15.76,23,clear sky
2025-03-15 04:49:39,15.76,23,clear sky
2025-03-15 04:58:50,15.76,23,clear sky
2025-03-15 05:20:55,15.76,23,clear sky
2025-03-15 05:34:27,15.76,23,clear sky
2025-03-15 05:43:34,15.76,23,clear sky
2025-03-15 05:52:36,15.76,23,clear sky
2025-03-15 06:12:53,13.1,32,overcast clouds
2025-03-15 06:36:19,15.76,23,clear sky
2025-03-15 06:47:28,15.76,23,clear sky
2025-03-15 06:56:26,15.76,23,clear sky
2025-03-15 07:16:09,15.76,23,clear sky
2025-03-15 07:28:30,16.76,23,clear sky
